Record,Date,UTC Time,CV,PV,SP,D1,D2,D3
         1, 3/21/2013, 3:10:34,   5.000000E+01,   3.604304E+01,   3.602000E+01,   0.000000E+00,   0.000000E+00,   0.000000E+00
         2, 3/21/2013, 3:10:35,   5.000000E+01,   3.602948E+01,   3.602000E+01,   0.000000E+00,   0.000000E+00,   0.000000E+00
         3, 3/21/2013, 3:10:35,   5.000000E+01,   3.604756E+01,   3.602000E+01,   0.000000E+00,   0.000000E+00,   0.000000E+00
         4, 3/21/2013, 3:10:35,   5.000000E+01,   3.603852E+01,   3.602000E+01,   0.000000E+00,   0.000000E+00,   0.000000E+00
         5, 3/21/2013, 3:10:35,   5.000000E+01,   3.604756E+01,   3.602000E+01,   0.000000E+00,   0.000000E+00,   0.000000E+00
         6, 3/21/2013, 3:10:36,   5.000000E+01,   3.602948E+01,   3.602000E+01,   0.000000E+00,   0.000000E+00,   0.000000E+00
         7, 3/21/2013, 3:10:36,   5.000000E+01,   3.603852E+01,   3.602000E+01,   0.000000E+00,   0.000000E+00,   0.000000E+00
         8, 3/21/2013, 3:10:36,   5.000000E+01,   3.603852E+01,   3.602000E+01,   0.000000E+00,   0.000000E+00,   0.000000E+00
         9, 3/21/2013, 3:10:36,   5.000000E+01,   3.602948E+01,   3.602000E+01,   0.000000E+00,   0.000000E+00,   0.000000E+00
        10, 3/21/2013, 3:10:37,   5.000000E+01,   3.603852E+01,   3.602000E+01,   0.000000E+00,   0.000000E+00,   0.000000E+00
        11, 3/21/2013, 3:10:37,   5.000000E+01,   3.603852E+01,   3.602000E+01,   0.000000E+00,   0.000000E+00,   0.000000E+00
        12, 3/21/2013, 3:10:37,   5.000000E+01,   3.603852E+01,   3.602000E+01,   0.000000E+00,   0.000000E+00,   0.000000E+00
        13, 3/21/2013, 3:10:37,   3.663491E+01,   3.604304E+01,   3.602000E+01,   0.000000E+00,   0.000000E+00,   0.000000E+00
        14, 3/21/2013, 3:10:38,   3.596624E+01,   3.604304E+01,   3.602000E+01,   0.000000E+00,   0.000000E+00,   0.000000E+00
        15, 3/21/2013, 3:10:38,   4.218641E+01,   3.605209E+01,   3.602000E+01,   0.000000E+00,   0.000000E+00,   0.000000E+00
        16, 3/21/2013, 3:10:38,   4.424540E+01,   3.604756E+01,   3.602000E+01,   0.000000E+00,   0.000000E+00,   0.000000E+00
        17, 3/21/2013, 3:10:39,   4.717506E+01,   3.603852E+01,   3.602000E+01,   0.000000E+00,   0.000000E+00,   0.000000E+00
        18, 3/21/2013, 3:10:39,   4.278463E+01,   3.603400E+01,   3.602000E+01,   0.000000E+00,   0.000000E+00,   0.000000E+00
        19, 3/21/2013, 3:10:39,   3.813251E+01,   3.603400E+01,   3.602000E+01,   0.000000E+00,   0.000000E+00,   0.000000E+00
        20, 3/21/2013, 3:10:39,   4.455951E+01,   3.602044E+01,   3.602000E+01,   0.000000E+00,   0.000000E+00,   0.000000E+00
        21, 3/21/2013, 3:10:40,   4.309991E+01,   3.601591E+01,   3.602000E+01,   0.000000E+00,   0.000000E+00,   0.000000E+00
        22, 3/21/2013, 3:10:40,   4.607604E+01,   3.601591E+01,   3.602000E+01,   0.000000E+00,   0.000000E+00,   0.000000E+00
        23, 3/21/2013, 3:10:40,   4.656391E+01,   3.598879E+01,   3.602000E+01,   0.000000E+00,   0.000000E+00,   0.000000E+00
        24, 3/21/2013, 3:10:40,   5.005901E+01,   3.598426E+01,   3.602000E+01,   0.000000E+00,   0.000000E+00,   0.000000E+00
        25, 3/21/2013, 3:10:41,   4.827774E+01,   3.596618E+01,   3.602000E+01,   0.000000E+00,   1.000000E+00,   0.000000E+00
        26, 3/21/2013, 3:10:41,   4.882021E+01,   3.594810E+01,   3.602000E+01,   0.000000E+00,   1.000000E+00,   0.000000E+00
        27, 3/21/2013, 3:10:41,   4.422630E+01,   3.592549E+01,   3.602000E+01,   0.000000E+00,   1.000000E+00,   0.000000E+00
        28, 3/21/2013, 3:10:41,   4.576534E+01,   3.592549E+01,   3.602000E+01,   0.000000E+00,   1.000000E+00,   0.000000E+00
        29, 3/21/2013, 3:10:42,   4.698559E+01,   3.592097E+01,   3.602000E+01,   0.000000E+00,   1.000000E+00,   0.000000E+00
        30, 3/21/2013, 3:10:42,   4.431609E+01,   3.589837E+01,   3.602000E+01,   0.000000E+00,   1.000000E+00,   0.000000E+00
        31, 3/21/2013, 3:10:42,   4.623720E+01,   3.588932E+01,   3.602000E+01,   0.000000E+00,   1.000000E+00,   0.000000E+00
        32, 3/21/2013, 3:10:42,   4.643370E+01,   3.587576E+01,   3.602000E+01,   0.000000E+00,   1.000000E+00,   0.000000E+00
        33, 3/21/2013, 3:10:43,   4.650432E+01,   3.587124E+01,   3.602000E+01,   0.000000E+00,   1.000000E+00,   0.000000E+00
        34, 3/21/2013, 3:10:43,   4.130847E+01,   3.588932E+01,   3.602000E+01,   0.000000E+00,   1.000000E+00,   0.000000E+00
        35, 3/21/2013, 3:10:43,   4.178704E+01,   3.587124E+01,   3.602000E+01,   0.000000E+00,   1.000000E+00,   0.000000E+00
        36, 3/21/2013, 3:10:43,   4.639055E+01,   3.587124E+01,   3.602000E+01,   0.000000E+00,   1.000000E+00,   0.000000E+00
        37, 3/21/2013, 3:10:44,   4.137780E+01,   3.588480E+01,   3.602000E+01,   0.000000E+00,   1.000000E+00,   0.000000E+00
        38, 3/21/2013, 3:10:44,   4.617231E+01,   3.588028E+01,   3.602000E+01,   0.000000E+00,   1.000000E+00,   0.000000E+00
        39, 3/21/2013, 3:10:44,   4.116148E+01,   3.590289E+01,   3.602000E+01,   0.000000E+00,   1.000000E+00,   0.000000E+00
        40, 3/21/2013, 3:10:44,   4.518398E+01,   3.591645E+01,   3.602000E+01,   0.000000E+00,   1.000000E+00,   0.000000E+00
        41, 3/21/2013, 3:10:45,   4.222974E+01,   3.592549E+01,   3.602000E+01,   0.000000E+00,   1.000000E+00,   0.000000E+00
        42, 3/21/2013, 3:10:45,   4.072595E+01,   3.594358E+01,   3.602000E+01,   0.000000E+00,   1.000000E+00,   0.000000E+00
        43, 3/21/2013, 3:10:45,   3.718365E+01,   3.595262E+01,   3.602000E+01,   0.000000E+00,   1.000000E+00,   0.000000E+00
        44, 3/21/2013, 3:10:45,   4.160952E+01,   3.597070E+01,   3.602000E+01,   0.000000E+00,   1.000000E+00,   0.000000E+00
        45, 3/21/2013, 3:10:46,   4.160960E+01,   3.598879E+01,   3.602000E+01,   0.000000E+00,   1.000000E+00,   0.000000E+00
        46, 3/21/2013, 3:10:46,   3.988119E+01,   3.600235E+01,   3.602000E+01,   0.000000E+00,   1.000000E+00,   0.000000E+00
        47, 3/21/2013, 3:10:46,   4.121614E+01,   3.602044E+01,   3.602000E+01,   0.000000E+00,   1.000000E+00,   0.000000E+00
        48, 3/21/2013, 3:10:47,   4.416316E+01,   3.604304E+01,   3.602000E+01,   0.000000E+00,   1.000000E+00,   0.000000E+00
        49, 3/21/2013, 3:10:47,   4.699509E+01,   3.605209E+01,   3.602000E+01,   0.000000E+00,   1.000000E+00,   0.000000E+00
        50, 3/21/2013, 3:10:47,   4.085362E+01,   3.606113E+01,   3.602000E+01,   0.000000E+00,   1.000000E+00,   0.000000E+00
        51, 3/21/2013, 3:10:47,   3.861141E+01,   3.608826E+01,   3.602000E+01,   0.000000E+00,   1.000000E+00,   0.000000E+00
        52, 3/21/2013, 3:10:48,   3.969088E+01,   3.611086E+01,   3.602000E+01,   0.000000E+00,   1.000000E+00,   0.000000E+00
        53, 3/21/2013, 3:10:48,   4.285201E+01,   3.614251E+01,   3.602000E+01,   0.000000E+00,   1.000000E+00,   0.000000E+00
        54, 3/21/2013, 3:10:48,   3.804589E+01,   3.613799E+01,   3.602000E+01,   0.000000E+00,   1.000000E+00,   0.000000E+00
        55, 3/21/2013, 3:10:48,   3.804969E+01,   3.615155E+01,   3.602000E+01,   0.000000E+00,   1.000000E+00,   0.000000E+00
        56, 3/21/2013, 3:10:49,   3.880553E+01,   3.617868E+01,   3.602000E+01,   0.000000E+00,   1.000000E+00,   0.000000E+00
        57, 3/21/2013, 3:10:49,   3.582752E+01,   3.619224E+01,   3.602000E+01,   0.000000E+00,   1.000000E+00,   0.000000E+00
        58, 3/21/2013, 3:10:49,   4.026497E+01,   3.620580E+01,   3.602000E+01,   0.000000E+00,   1.000000E+00,   0.000000E+00
        59, 3/21/2013, 3:10:49,   3.796853E+01,   3.623293E+01,   3.602000E+01,   0.000000E+00,   1.000000E+00,   0.000000E+00
        60, 3/21/2013, 3:10:50,   3.678073E+01,   3.623293E+01,   3.602000E+01,   0.000000E+00,   1.000000E+00,   0.000000E+00
        61, 3/21/2013, 3:10:50,   3.792471E+01,   3.625554E+01,   3.602000E+01,   0.000000E+00,   1.000000E+00,   0.000000E+00
        62, 3/21/2013, 3:10:50,   3.777098E+01,   3.626458E+01,   3.602000E+01,   0.000000E+00,   1.000000E+00,   0.000000E+00
        63, 3/21/2013, 3:10:50,   3.933641E+01,   3.627362E+01,   3.602000E+01,   0.000000E+00,   1.000000E+00,   0.000000E+00
        64, 3/21/2013, 3:10:51,   3.885089E+01,   3.629171E+01,   3.602000E+01,   0.000000E+00,   1.000000E+00,   0.000000E+00
        65, 3/21/2013, 3:10:51,   4.244345E+01,   3.628267E+01,   3.602000E+01,   0.000000E+00,   1.000000E+00,   0.000000E+00
        66, 3/21/2013, 3:10:51,   3.703980E+01,   3.630075E+01,   3.602000E+01,   0.000000E+00,   1.000000E+00,   0.000000E+00
        67, 3/21/2013, 3:10:51,   3.568257E+01,   3.630527E+01,   3.602000E+01,   0.000000E+00,   1.000000E+00,   0.000000E+00
        68, 3/21/2013, 3:10:52,   3.859737E+01,   3.630527E+01,   3.602000E+01,   0.000000E+00,   1.000000E+00,   0.000000E+00
        69, 3/21/2013, 3:10:52,   4.144645E+01,   3.632788E+01,   3.602000E+01,   0.000000E+00,   1.000000E+00,   0.000000E+00
        70, 3/21/2013, 3:10:52,   4.015763E+01,   3.633240E+01,   3.602000E+01,   0.000000E+00,   1.000000E+00,   0.000000E+00
        71, 3/21/2013, 3:10:52,   3.973459E+01,   3.633240E+01,   3.602000E+01,   0.000000E+00,   1.000000E+00,   0.000000E+00
        72, 3/21/2013, 3:10:53,   3.471131E+01,   3.634144E+01,   3.602000E+01,   0.000000E+00,   1.000000E+00,   0.000000E+00
        73, 3/21/2013, 3:10:53,   3.510522E+01,   3.633692E+01,   3.602000E+01,   0.000000E+00,   1.000000E+00,   0.000000E+00
        74, 3/21/2013, 3:10:53,   3.453248E+01,   3.634596E+01,   3.602000E+01,   0.000000E+00,   1.000000E+00,   0.000000E+00
        75, 3/21/2013, 3:10:53,   3.955333E+01,   3.633692E+01,   3.602000E+01,   0.000000E+00,   1.000000E+00,   0.000000E+00
        76, 3/21/2013, 3:10:54,   3.935399E+01,   3.633240E+01,   3.602000E+01,   0.000000E+00,   1.000000E+00,   0.000000E+00
        77, 3/21/2013, 3:10:54,   3.441264E+01,   3.634144E+01,   3.602000E+01,   0.000000E+00,   1.000000E+00,   0.000000E+00
        78, 3/21/2013, 3:10:54,   3.283330E+01,   3.634596E+01,   3.602000E+01,   0.000000E+00,   1.000000E+00,   0.000000E+00
        79, 3/21/2013, 3:10:54,   3.754216E+01,   3.634144E+01,   3.602000E+01,   0.000000E+00,   1.000000E+00,   0.000000E+00
        80, 3/21/2013, 3:10:55,   3.449438E+01,   3.632788E+01,   3.602000E+01,   0.000000E+00,   1.000000E+00,   0.000000E+00
        81, 3/21/2013, 3:10:55,   3.640876E+01,   3.631432E+01,   3.602000E+01,   0.000000E+00,   1.000000E+00,   0.000000E+00
        82, 3/21/2013, 3:10:55,   3.789327E+01,   3.631432E+01,   3.602000E+01,   0.000000E+00,   1.000000E+00,   0.000000E+00
        83, 3/21/2013, 3:10:56,   3.602217E+01,   3.630980E+01,   3.602000E+01,   0.000000E+00,   1.000000E+00,   0.000000E+00
        84, 3/21/2013, 3:10:56,   3.584271E+01,   3.630980E+01,   3.602000E+01,   0.000000E+00,   1.000000E+00,   0.000000E+00
        85, 3/21/2013, 3:10:56,   3.714144E+01,   3.630980E+01,   3.602000E+01,   0.000000E+00,   1.000000E+00,   0.000000E+00
        86, 3/21/2013, 3:10:56,   3.265709E+01,   3.632336E+01,   3.602000E+01,   0.000000E+00,   1.000000E+00,   0.000000E+00
        87, 3/21/2013, 3:10:57,   4.061407E+01,   3.630527E+01,   3.602000E+01,   0.000000E+00,   1.000000E+00,   0.000000E+00
        88, 3/21/2013, 3:10:57,   3.758549E+01,   3.630527E+01,   3.602000E+01,   0.000000E+00,   1.000000E+00,   0.000000E+00
        89, 3/21/2013, 3:10:57,   3.580502E+01,   3.629171E+01,   3.602000E+01,   0.000000E+00,   1.000000E+00,   0.000000E+00
        90, 3/21/2013, 3:10:57,   3.695253E+01,   3.630075E+01,   3.602000E+01,   0.000000E+00,   1.000000E+00,   0.000000E+00
        91, 3/21/2013, 3:10:57,   3.756071E+01,   3.629171E+01,   3.602000E+01,   0.000000E+00,   1.000000E+00,   0.000000E+00
        92, 3/21/2013, 3:10:58,   4.066637E+01,   3.628267E+01,   3.602000E+01,   0.000000E+00,   1.000000E+00,   0.000000E+00
        93, 3/21/2013, 3:10:58,   3.769999E+01,   3.627814E+01,   3.602000E+01,   0.000000E+00,   1.000000E+00,   0.000000E+00
        94, 3/21/2013, 3:10:58,   3.756993E+01,   3.626458E+01,   3.602000E+01,   0.000000E+00,   1.000000E+00,   0.000000E+00
        95, 3/21/2013, 3:10:58,   3.424171E+01,   3.627814E+01,   3.602000E+01,   0.000000E+00,   1.000000E+00,   0.000000E+00
        96, 3/21/2013, 3:10:59,   3.878220E+01,   3.626910E+01,   3.602000E+01,   0.000000E+00,   1.000000E+00,   0.000000E+00
        97, 3/21/2013, 3:10:59,   4.265945E+01,   3.624197E+01,   3.602000E+01,   0.000000E+00,   1.000000E+00,   0.000000E+00
        98, 3/21/2013, 3:10:59,   3.943413E+01,   3.623745E+01,   3.602000E+01,   0.000000E+00,   1.000000E+00,   0.000000E+00
        99, 3/21/2013, 3:11:00,   3.085731E+01,   3.625554E+01,   3.602000E+01,   0.000000E+00,   1.000000E+00,   0.000000E+00
       100, 3/21/2013, 3:11:00,   3.968775E+01,   3.621937E+01,   3.602000E+01,   0.000000E+00,   1.000000E+00,   0.000000E+00
       101, 3/21/2013, 3:11:00,   3.807552E+01,   3.621485E+01,   3.602000E+01,   0.000000E+00,   1.000000E+00,   0.000000E+00
       102, 3/21/2013, 3:11:00,   3.764483E+01,   3.621033E+01,   3.602000E+01,   0.000000E+00,   1.000000E+00,   0.000000E+00
       103, 3/21/2013, 3:11:01,   3.456622E+01,   3.620580E+01,   3.602000E+01,   0.000000E+00,   1.000000E+00,   0.000000E+00
       104, 3/21/2013, 3:11:01,   3.780141E+01,   3.620128E+01,   3.602000E+01,   0.000000E+00,   1.000000E+00,   0.000000E+00
       105, 3/21/2013, 3:11:01,   3.964728E+01,   3.618772E+01,   3.602000E+01,   0.000000E+00,   1.000000E+00,   0.000000E+00
       106, 3/21/2013, 3:11:01,   4.241336E+01,   3.617416E+01,   3.602000E+01,   0.000000E+00,   1.000000E+00,   0.000000E+00
       107, 3/21/2013, 3:11:02,   3.659288E+01,   3.617868E+01,   3.602000E+01,   0.000000E+00,   1.000000E+00,   0.000000E+00
       108, 3/21/2013, 3:11:02,   3.969230E+01,   3.617416E+01,   3.602000E+01,   0.000000E+00,   1.000000E+00,   0.000000E+00
       109, 3/21/2013, 3:11:02,   3.495248E+01,   3.616964E+01,   3.602000E+01,   0.000000E+00,   1.000000E+00,   0.000000E+00
       110, 3/21/2013, 3:11:02,   3.945918E+01,   3.616512E+01,   3.602000E+01,   0.000000E+00,   1.000000E+00,   0.000000E+00
       111, 3/21/2013, 3:11:03,   3.494618E+01,   3.616059E+01,   3.602000E+01,   0.000000E+00,   1.000000E+00,   0.000000E+00
       112, 3/21/2013, 3:11:03,   3.666712E+01,   3.615607E+01,   3.602000E+01,   0.000000E+00,   1.000000E+00,   0.000000E+00
       113, 3/21/2013, 3:11:03,   4.000784E+01,   3.614251E+01,   3.602000E+01,   0.000000E+00,   1.000000E+00,   0.000000E+00
       114, 3/21/2013, 3:11:03,   3.977716E+01,   3.614251E+01,   3.602000E+01,   0.000000E+00,   1.000000E+00,   0.000000E+00
       115, 3/21/2013, 3:11:04,   4.133843E+01,   3.613346E+01,   3.602000E+01,   0.000000E+00,   1.000000E+00,   0.000000E+00
       116, 3/21/2013, 3:11:04,   4.469305E+01,   3.611990E+01,   3.602000E+01,   0.000000E+00,   1.000000E+00,   0.000000E+00
       117, 3/21/2013, 3:11:04,   3.871104E+01,   3.611538E+01,   3.602000E+01,   0.000000E+00,   1.000000E+00,   0.000000E+00
       118, 3/21/2013, 3:11:04,   3.889631E+01,   3.611086E+01,   3.602000E+01,   0.000000E+00,   1.000000E+00,   0.000000E+00
       119, 3/21/2013, 3:11:05,   3.867144E+01,   3.609730E+01,   3.602000E+01,   0.000000E+00,   1.000000E+00,   0.000000E+00
       120, 3/21/2013, 3:11:05,   3.697033E+01,   3.609278E+01,   3.602000E+01,   0.000000E+00,   1.000000E+00,   0.000000E+00
       121, 3/21/2013, 3:11:05,   3.412116E+01,   3.609730E+01,   3.602000E+01,   0.000000E+00,   1.000000E+00,   0.000000E+00
       122, 3/21/2013, 3:11:05,   4.047293E+01,   3.607921E+01,   3.602000E+01,   0.000000E+00,   1.000000E+00,   0.000000E+00
       123, 3/21/2013, 3:11:06,   4.223800E+01,   3.606113E+01,   3.602000E+01,   0.000000E+00,   1.000000E+00,   0.000000E+00
       124, 3/21/2013, 3:11:06,   3.922396E+01,   3.605209E+01,   3.602000E+01,   0.000000E+00,   1.000000E+00,   0.000000E+00
       125, 3/21/2013, 3:11:06,   3.713409E+01,   3.606565E+01,   3.602000E+01,   0.000000E+00,   1.000000E+00,   0.000000E+00
       126, 3/21/2013, 3:11:06,   4.053450E+01,   3.604756E+01,   3.602000E+01,   0.000000E+00,   1.000000E+00,   0.000000E+00
       127, 3/21/2013, 3:11:07,   3.888417E+01,   3.605209E+01,   3.602000E+01,   0.000000E+00,   1.000000E+00,   0.000000E+00
       128, 3/21/2013, 3:11:07,   3.739593E+01,   3.604756E+01,   3.602000E+01,   0.000000E+00,   1.000000E+00,   0.000000E+00
       129, 3/21/2013, 3:11:07,   4.059464E+01,   3.604756E+01,   3.602000E+01,   0.000000E+00,   1.000000E+00,   0.000000E+00
       130, 3/21/2013, 3:11:07,   4.204401E+01,   3.603852E+01,   3.602000E+01,   0.000000E+00,   1.000000E+00,   0.000000E+00
       131, 3/21/2013, 3:11:08,   4.516715E+01,   3.604304E+01,   3.602000E+01,   0.000000E+00,   1.000000E+00,   0.000000E+00
       132, 3/21/2013, 3:11:08,   4.050836E+01,   3.604756E+01,   3.602000E+01,   0.000000E+00,   1.000000E+00,   0.000000E+00
       133, 3/21/2013, 3:11:08,   3.925395E+01,   3.604756E+01,   3.602000E+01,   0.000000E+00,   1.000000E+00,   0.000000E+00
       134, 3/21/2013, 3:11:08,   3.589381E+01,   3.604304E+01,   3.602000E+01,   0.000000E+00,   1.000000E+00,   0.000000E+00
       135, 3/21/2013, 3:11:09,   4.242949E+01,   3.602948E+01,   3.602000E+01,   0.000000E+00,   1.000000E+00,   0.000000E+00
       136, 3/21/2013, 3:11:09,   3.737030E+01,   3.603852E+01,   3.602000E+01,   0.000000E+00,   1.000000E+00,   0.000000E+00
       137, 3/21/2013, 3:11:09,   4.180029E+01,   3.603400E+01,   3.602000E+01,   0.000000E+00,   1.000000E+00,   0.000000E+00
       138, 3/21/2013, 3:11:09,   4.225989E+01,   3.603852E+01,   3.602000E+01,   0.000000E+00,   1.000000E+00,   0.000000E+00
       139, 3/21/2013, 3:11:10,   4.186331E+01,   3.604304E+01,   3.602000E+01,   0.000000E+00,   1.000000E+00,   0.000000E+00
       140, 3/21/2013, 3:11:10,   4.196376E+01,   3.603852E+01,   3.602000E+01,   0.000000E+00,   1.000000E+00,   0.000000E+00
       141, 3/21/2013, 3:11:10,   3.855479E+01,   3.604304E+01,   3.602000E+01,   0.000000E+00,   1.000000E+00,   0.000000E+00
       142, 3/21/2013, 3:11:10,   3.917228E+01,   3.603400E+01,   3.602000E+01,   0.000000E+00,   1.000000E+00,   0.000000E+00
       143, 3/21/2013, 3:11:11,   4.348697E+01,   3.602948E+01,   3.602000E+01,   0.000000E+00,   1.000000E+00,   0.000000E+00
       144, 3/21/2013, 3:11:11,   3.582884E+01,   3.603852E+01,   3.602000E+01,   0.000000E+00,   1.000000E+00,   0.000000E+00
       145, 3/21/2013, 3:11:11,   4.033297E+01,   3.603400E+01,   3.602000E+01,   0.000000E+00,   1.000000E+00,   0.000000E+00
       146, 3/21/2013, 3:11:11,   3.574885E+01,   3.603400E+01,   3.602000E+01,   0.000000E+00,   1.000000E+00,   0.000000E+00
       147, 3/21/2013, 3:11:12,   4.343807E+01,   3.603400E+01,   3.602000E+01,   0.000000E+00,   1.000000E+00,   0.000000E+00
       148, 3/21/2013, 3:11:12,   3.569975E+01,   3.604304E+01,   3.602000E+01,   0.000000E+00,   1.000000E+00,   0.000000E+00
       149, 3/21/2013, 3:11:12,   3.726945E+01,   3.604304E+01,   3.602000E+01,   0.000000E+00,   1.000000E+00,   0.000000E+00
       150, 3/21/2013, 3:11:12,   3.703941E+01,   3.603852E+01,   3.602000E+01,   0.000000E+00,   1.000000E+00,   0.000000E+00
       151, 3/21/2013, 3:11:13,   3.758737E+01,   3.603852E+01,   3.602000E+01,   0.000000E+00,   1.000000E+00,   0.000000E+00
       152, 3/21/2013, 3:11:13,   3.406313E+01,   3.604756E+01,   3.602000E+01,   0.000000E+00,   1.000000E+00,   0.000000E+00
       153, 3/21/2013, 3:11:13,   3.876770E+01,   3.602948E+01,   3.602000E+01,   0.000000E+00,   1.000000E+00,   0.000000E+00
       154, 3/21/2013, 3:11:13,   4.004624E+01,   3.604756E+01,   3.602000E+01,   0.000000E+00,   1.000000E+00,   0.000000E+00
       155, 3/21/2013, 3:11:14,   3.698317E+01,   3.605209E+01,   3.602000E+01,   0.000000E+00,   1.000000E+00,   0.000000E+00
       156, 3/21/2013, 3:11:14,   3.853649E+01,   3.605209E+01,   3.602000E+01,   0.000000E+00,   1.000000E+00,   0.000000E+00
       157, 3/21/2013, 3:11:14,   3.559980E+01,   3.605209E+01,   3.602000E+01,   0.000000E+00,   1.000000E+00,   0.000000E+00
       158, 3/21/2013, 3:11:14,   4.042421E+01,   3.604756E+01,   3.602000E+01,   0.000000E+00,   1.000000E+00,   0.000000E+00
       159, 3/21/2013, 3:11:15,   4.168719E+01,   3.604304E+01,   3.602000E+01,   0.000000E+00,   1.000000E+00,   0.000000E+00
       160, 3/21/2013, 3:11:15,   4.019900E+01,   3.604756E+01,   3.602000E+01,   0.000000E+00,   1.000000E+00,   0.000000E+00
       161, 3/21/2013, 3:11:15,   3.890250E+01,   3.604304E+01,   3.602000E+01,   0.000000E+00,   1.000000E+00,   0.000000E+00
       162, 3/21/2013, 3:11:15,   4.038380E+01,   3.603852E+01,   3.602000E+01,   0.000000E+00,   1.000000E+00,   0.000000E+00
       163, 3/21/2013, 3:11:16,   4.195446E+01,   3.604756E+01,   3.602000E+01,   0.000000E+00,   1.000000E+00,   0.000000E+00
       164, 3/21/2013, 3:11:16,   3.994616E+01,   3.604304E+01,   3.602000E+01,   0.000000E+00,   1.000000E+00,   0.000000E+00
       165, 3/21/2013, 3:11:16,   4.015341E+01,   3.603852E+01,   3.602000E+01,   0.000000E+00,   1.000000E+00,   0.000000E+00
       166, 3/21/2013, 3:11:16,   3.696838E+01,   3.604756E+01,   3.602000E+01,   0.000000E+00,   1.000000E+00,   0.000000E+00
       167, 3/21/2013, 3:11:17,   3.912150E+01,   3.604304E+01,   3.602000E+01,   0.000000E+00,   1.000000E+00,   0.000000E+00
       168, 3/21/2013, 3:11:17,   3.991947E+01,   3.604304E+01,   3.602000E+01,   0.000000E+00,   1.000000E+00,   0.000000E+00
       169, 3/21/2013, 3:11:17,   4.049543E+01,   3.602496E+01,   3.602000E+01,   0.000000E+00,   1.000000E+00,   0.000000E+00
       170, 3/21/2013, 3:11:17,   3.977282E+01,   3.603400E+01,   3.602000E+01,   0.000000E+00,   1.000000E+00,   0.000000E+00
       171, 3/21/2013, 3:11:18,   3.876810E+01,   3.602948E+01,   3.602000E+01,   0.000000E+00,   1.000000E+00,   0.000000E+00
       172, 3/21/2013, 3:11:18,   4.496110E+01,   3.602044E+01,   3.602000E+01,   0.000000E+00,   1.000000E+00,   0.000000E+00
       173, 3/21/2013, 3:11:18,   3.669456E+01,   3.602948E+01,   3.602000E+01,   0.000000E+00,   1.000000E+00,   0.000000E+00
       174, 3/21/2013, 3:11:18,   4.022504E+01,   3.602496E+01,   3.602000E+01,   0.000000E+00,   1.000000E+00,   0.000000E+00
       175, 3/21/2013, 3:11:19,   4.011340E+01,   3.602496E+01,   3.602000E+01,   0.000000E+00,   1.000000E+00,   0.000000E+00
       176, 3/21/2013, 3:11:19,   4.189196E+01,   3.602948E+01,   3.602000E+01,   0.000000E+00,   1.000000E+00,   0.000000E+00
       177, 3/21/2013, 3:11:19,   4.329354E+01,   3.602044E+01,   3.602000E+01,   0.000000E+00,   1.000000E+00,   0.000000E+00
       178, 3/21/2013, 3:11:19,   3.237902E+01,   3.603400E+01,   3.602000E+01,   0.000000E+00,   1.000000E+00,   0.000000E+00
       179, 3/21/2013, 3:11:20,   4.177599E+01,   3.602948E+01,   3.602000E+01,   0.000000E+00,   1.000000E+00,   0.000000E+00
       180, 3/21/2013, 3:11:20,   4.022264E+01,   3.603400E+01,   3.602000E+01,   0.000000E+00,   1.000000E+00,   0.000000E+00
       181, 3/21/2013, 3:11:20,   3.869680E+01,   3.603400E+01,   3.602000E+01,   0.000000E+00,   1.000000E+00,   0.000000E+00
       182, 3/21/2013, 3:11:20,   3.860778E+01,   3.603400E+01,   3.602000E+01,   0.000000E+00,   1.000000E+00,   0.000000E+00
       183, 3/21/2013, 3:11:21,   3.865431E+01,   3.603852E+01,   3.602000E+01,   0.000000E+00,   1.000000E+00,   0.000000E+00
       184, 3/21/2013, 3:11:21,   3.574247E+01,   3.602948E+01,   3.602000E+01,   0.000000E+00,   1.000000E+00,   0.000000E+00
       185, 3/21/2013, 3:11:21,   3.806262E+01,   3.603852E+01,   3.602000E+01,   0.000000E+00,   1.000000E+00,   0.000000E+00
       186, 3/21/2013, 3:11:21,   3.706379E+01,   3.603852E+01,   3.602000E+01,   0.000000E+00,   1.000000E+00,   0.000000E+00
       187, 3/21/2013, 3:11:22,   3.886872E+01,   3.603400E+01,   3.602000E+01,   0.000000E+00,   1.000000E+00,   0.000000E+00
       188, 3/21/2013, 3:11:22,   3.665446E+01,   3.602948E+01,   3.602000E+01,   0.000000E+00,   1.000000E+00,   0.000000E+00
       189, 3/21/2013, 3:11:22,   4.311275E+01,   3.603852E+01,   3.602000E+01,   0.000000E+00,   1.000000E+00,   0.000000E+00
       190, 3/21/2013, 3:11:22,   3.843262E+01,   3.605209E+01,   3.602000E+01,   0.000000E+00,   1.000000E+00,   0.000000E+00
       191, 3/21/2013, 3:11:23,   4.021168E+01,   3.603400E+01,   3.602000E+01,   0.000000E+00,   1.000000E+00,   0.000000E+00
       192, 3/21/2013, 3:11:23,   3.863176E+01,   3.603400E+01,   3.602000E+01,   0.000000E+00,   1.000000E+00,   0.000000E+00
       193, 3/21/2013, 3:11:23,   4.163113E+01,   3.603400E+01,   3.602000E+01,   0.000000E+00,   1.000000E+00,   0.000000E+00
       194, 3/21/2013, 3:11:24,   3.673337E+01,   3.604756E+01,   3.602000E+01,   0.000000E+00,   1.000000E+00,   0.000000E+00
       195, 3/21/2013, 3:11:24,   3.663646E+01,   3.604756E+01,   3.602000E+01,   0.000000E+00,   1.000000E+00,   0.000000E+00
       196, 3/21/2013, 3:11:24,   3.839441E+01,   3.604304E+01,   3.602000E+01,   0.000000E+00,   1.000000E+00,   0.000000E+00
       197, 3/21/2013, 3:11:24,   4.307519E+01,   3.603852E+01,   3.602000E+01,   0.000000E+00,   1.000000E+00,   0.000000E+00
       198, 3/21/2013, 3:11:24,   3.988189E+01,   3.604304E+01,   3.602000E+01,   0.000000E+00,   1.000000E+00,   0.000000E+00
       199, 3/21/2013, 3:11:25,   3.841795E+01,   3.604304E+01,   3.602000E+01,   0.000000E+00,   1.000000E+00,   0.000000E+00
       200, 3/21/2013, 3:11:25,   4.161826E+01,   3.603852E+01,   3.602000E+01,   0.000000E+00,   1.000000E+00,   0.000000E+00
       201, 3/21/2013, 3:11:25,   4.297503E+01,   3.603400E+01,   3.602000E+01,   0.000000E+00,   1.000000E+00,   0.000000E+00
       202, 3/21/2013, 3:11:26,   3.571111E+01,   3.602948E+01,   3.602000E+01,   0.000000E+00,   1.000000E+00,   0.000000E+00
       203, 3/21/2013, 3:11:26,   3.392540E+01,   3.603852E+01,   3.602000E+01,   0.000000E+00,   1.000000E+00,   0.000000E+00
       204, 3/21/2013, 3:11:26,   3.866610E+01,   3.602948E+01,   3.602000E+01,   0.000000E+00,   1.000000E+00,   0.000000E+00
       205, 3/21/2013, 3:11:26,   3.707143E+01,   3.602496E+01,   3.602000E+01,   0.000000E+00,   1.000000E+00,   0.000000E+00
       206, 3/21/2013, 3:11:27,   4.034360E+01,   3.601591E+01,   3.602000E+01,   0.000000E+00,   1.000000E+00,   0.000000E+00
       207, 3/21/2013, 3:11:27,   3.519923E+01,   3.602948E+01,   3.602000E+01,   0.000000E+00,   1.000000E+00,   0.000000E+00
       208, 3/21/2013, 3:11:27,   3.869733E+01,   3.602044E+01,   3.602000E+01,   0.000000E+00,   1.000000E+00,   0.000000E+00
       209, 3/21/2013, 3:11:27,   4.040756E+01,   3.601139E+01,   3.602000E+01,   0.000000E+00,   1.000000E+00,   0.000000E+00
       210, 3/21/2013, 3:11:28,   3.561740E+01,   3.601591E+01,   3.602000E+01,   0.000000E+00,   1.000000E+00,   0.000000E+00
       211, 3/21/2013, 3:11:28,   4.365526E+01,   3.599783E+01,   3.602000E+01,   0.000000E+00,   1.000000E+00,   0.000000E+00
       212, 3/21/2013, 3:11:28,   3.698933E+01,   3.599783E+01,   3.602000E+01,   0.000000E+00,   1.000000E+00,   0.000000E+00
       213, 3/21/2013, 3:11:28,   3.751320E+01,   3.598879E+01,   3.602000E+01,   0.000000E+00,   1.000000E+00,   0.000000E+00
       214, 3/21/2013, 3:11:29,   3.615231E+01,   3.599331E+01,   3.602000E+01,   0.000000E+00,   1.000000E+00,   0.000000E+00
       215, 3/21/2013, 3:11:29,   4.206050E+01,   3.598426E+01,   3.602000E+01,   0.000000E+00,   1.000000E+00,   0.000000E+00
       216, 3/21/2013, 3:11:29,   3.962207E+01,   3.597522E+01,   3.602000E+01,   0.000000E+00,   1.000000E+00,   0.000000E+00
       217, 3/21/2013, 3:11:29,   3.550558E+01,   3.600235E+01,   3.602000E+01,   0.000000E+00,   1.000000E+00,   0.000000E+00
       218, 3/21/2013, 3:11:30,   4.077697E+01,   3.597974E+01,   3.602000E+01,   0.000000E+00,   1.000000E+00,   0.000000E+00
       219, 3/21/2013, 3:11:30,   4.513023E+01,   3.598426E+01,   3.602000E+01,   0.000000E+00,   1.000000E+00,   0.000000E+00
       220, 3/21/2013, 3:11:30,   3.767290E+01,   3.598426E+01,   3.602000E+01,   0.000000E+00,   1.000000E+00,   0.000000E+00
       221, 3/21/2013, 3:11:30,   3.724062E+01,   3.597522E+01,   3.602000E+01,   0.000000E+00,   1.000000E+00,   0.000000E+00
       222, 3/21/2013, 3:11:31,   3.864330E+01,   3.599331E+01,   3.602000E+01,   0.000000E+00,   1.000000E+00,   0.000000E+00
       223, 3/21/2013, 3:11:31,   3.597734E+01,   3.598879E+01,   3.602000E+01,   0.000000E+00,   1.000000E+00,   0.000000E+00
       224, 3/21/2013, 3:11:31,   3.888515E+01,   3.599783E+01,   3.602000E+01,   0.000000E+00,   1.000000E+00,   0.000000E+00
       225, 3/21/2013, 3:11:31,   4.393950E+01,   3.597974E+01,   3.602000E+01,   0.000000E+00,   1.000000E+00,   0.000000E+00
       226, 3/21/2013, 3:11:32,   3.873742E+01,   3.598879E+01,   3.602000E+01,   0.000000E+00,   1.000000E+00,   0.000000E+00
       227, 3/21/2013, 3:11:32,   3.549968E+01,   3.599783E+01,   3.602000E+01,   0.000000E+00,   1.000000E+00,   0.000000E+00
       228, 3/21/2013, 3:11:32,   3.571170E+01,   3.599331E+01,   3.602000E+01,   0.000000E+00,   1.000000E+00,   0.000000E+00
       229, 3/21/2013, 3:11:32,   4.513434E+01,   3.599783E+01,   3.602000E+01,   0.000000E+00,   1.000000E+00,   0.000000E+00
       230, 3/21/2013, 3:11:33,   4.032240E+01,   3.599331E+01,   3.602000E+01,   0.000000E+00,   1.000000E+00,   0.000000E+00
       231, 3/21/2013, 3:11:33,   4.225571E+01,   3.599331E+01,   3.602000E+01,   0.000000E+00,   1.000000E+00,   0.000000E+00
       232, 3/21/2013, 3:11:33,   3.377402E+01,   3.600235E+01,   3.602000E+01,   0.000000E+00,   1.000000E+00,   0.000000E+00
       233, 3/21/2013, 3:11:33,   4.028355E+01,   3.600687E+01,   3.602000E+01,   0.000000E+00,   1.000000E+00,   0.000000E+00
       234, 3/21/2013, 3:11:34,   3.876972E+01,   3.600687E+01,   3.602000E+01,   0.000000E+00,   1.000000E+00,   0.000000E+00
       235, 3/21/2013, 3:11:34,   3.703449E+01,   3.600687E+01,   3.602000E+01,   0.000000E+00,   1.000000E+00,   0.000000E+00
       236, 3/21/2013, 3:11:34,   4.176505E+01,   3.600235E+01,   3.602000E+01,   0.000000E+00,   1.000000E+00,   0.000000E+00
       237, 3/21/2013, 3:11:34,   4.179844E+01,   3.600235E+01,   3.602000E+01,   0.000000E+00,   1.000000E+00,   0.000000E+00
       238, 3/21/2013, 3:11:35,   3.847699E+01,   3.601139E+01,   3.602000E+01,   0.000000E+00,   1.000000E+00,   0.000000E+00
       239, 3/21/2013, 3:11:35,   4.025759E+01,   3.601591E+01,   3.602000E+01,   0.000000E+00,   1.000000E+00,   0.000000E+00
       240, 3/21/2013, 3:11:35,   4.186719E+01,   3.599783E+01,   3.602000E+01,   0.000000E+00,   1.000000E+00,   0.000000E+00
       241, 3/21/2013, 3:11:35,   4.012890E+01,   3.601591E+01,   3.602000E+01,   0.000000E+00,   1.000000E+00,   0.000000E+00
       242, 3/21/2013, 3:11:36,   4.039669E+01,   3.600687E+01,   3.602000E+01,   0.000000E+00,   1.000000E+00,   0.000000E+00
       243, 3/21/2013, 3:11:36,   3.701125E+01,   3.602948E+01,   3.602000E+01,   0.000000E+00,   1.000000E+00,   0.000000E+00
       244, 3/21/2013, 3:11:36,   3.891058E+01,   3.600687E+01,   3.602000E+01,   0.000000E+00,   1.000000E+00,   0.000000E+00
       245, 3/21/2013, 3:11:37,   3.410651E+01,   3.600687E+01,   3.602000E+01,   0.000000E+00,   1.000000E+00,   0.000000E+00
       246, 3/21/2013, 3:11:37,   3.872796E+01,   3.601591E+01,   3.602000E+01,   0.000000E+00,   1.000000E+00,   0.000000E+00
       247, 3/21/2013, 3:11:37,   3.393440E+01,   3.601591E+01,   3.602000E+01,   0.000000E+00,   1.000000E+00,   0.000000E+00
       248, 3/21/2013, 3:11:37,   3.880180E+01,   3.600235E+01,   3.602000E+01,   0.000000E+00,   1.000000E+00,   0.000000E+00
       249, 3/21/2013, 3:11:38,   3.545848E+01,   3.600687E+01,   3.602000E+01,   0.000000E+00,   1.000000E+00,   0.000000E+00
       250, 3/21/2013, 3:11:38,   4.208488E+01,   3.599783E+01,   3.602000E+01,   0.000000E+00,   1.000000E+00,   0.000000E+00
       251, 3/21/2013, 3:11:38,   3.733311E+01,   3.599331E+01,   3.602000E+01,   0.000000E+00,   1.000000E+00,   0.000000E+00
       252, 3/21/2013, 3:11:38,   3.568449E+01,   3.600687E+01,   3.602000E+01,   0.000000E+00,   1.000000E+00,   0.000000E+00
       253, 3/21/2013, 3:11:38,   4.369094E+01,   3.597974E+01,   3.602000E+01,   0.000000E+00,   1.000000E+00,   0.000000E+00
       254, 3/21/2013, 3:11:39,   4.054810E+01,   3.598879E+01,   3.602000E+01,   0.000000E+00,   1.000000E+00,   0.000000E+00
       255, 3/21/2013, 3:11:39,   3.761944E+01,   3.597522E+01,   3.602000E+01,   0.000000E+00,   1.000000E+00,   0.000000E+00
       256, 3/21/2013, 3:11:39,   3.790345E+01,   3.596166E+01,   3.602000E+01,   0.000000E+00,   1.000000E+00,   0.000000E+00
       257, 3/21/2013, 3:11:40,   3.744000E+01,   3.597522E+01,   3.602000E+01,   0.000000E+00,   1.000000E+00,   0.000000E+00
       258, 3/21/2013, 3:11:40,   4.129646E+01,   3.595262E+01,   3.602000E+01,   0.000000E+00,   1.000000E+00,   0.000000E+00
       259, 3/21/2013, 3:11:40,   3.816456E+01,   3.594810E+01,   3.602000E+01,   0.000000E+00,   1.000000E+00,   0.000000E+00
       260, 3/21/2013, 3:11:40,   3.813754E+01,   3.593453E+01,   3.602000E+01,   0.000000E+00,   1.000000E+00,   0.000000E+00
       261, 3/21/2013, 3:11:41,   4.454256E+01,   3.593453E+01,   3.602000E+01,   0.000000E+00,   1.000000E+00,   0.000000E+00
       262, 3/21/2013, 3:11:41,   3.789563E+01,   3.593453E+01,   3.602000E+01,   0.000000E+00,   1.000000E+00,   0.000000E+00
       263, 3/21/2013, 3:11:41,   4.132590E+01,   3.593001E+01,   3.602000E+01,   0.000000E+00,   1.000000E+00,   0.000000E+00
       264, 3/21/2013, 3:11:41,   3.990685E+01,   3.591645E+01,   3.602000E+01,   0.000000E+00,   1.000000E+00,   0.000000E+00
       265, 3/21/2013, 3:11:42,   4.010662E+01,   3.591193E+01,   3.602000E+01,   0.000000E+00,   1.000000E+00,   0.000000E+00
       266, 3/21/2013, 3:11:42,   4.021688E+01,   3.591645E+01,   3.602000E+01,   0.000000E+00,   1.000000E+00,   0.000000E+00
       267, 3/21/2013, 3:11:42,   4.345066E+01,   3.590289E+01,   3.602000E+01,   0.000000E+00,   1.000000E+00,   0.000000E+00
       268, 3/21/2013, 3:11:42,   3.721120E+01,   3.590289E+01,   3.602000E+01,   0.000000E+00,   1.000000E+00,   0.000000E+00
       269, 3/21/2013, 3:11:43,   4.204566E+01,   3.590289E+01,   3.602000E+01,   0.000000E+00,   1.000000E+00,   0.000000E+00
       270, 3/21/2013, 3:11:43,   4.041008E+01,   3.589384E+01,   3.602000E+01,   0.000000E+00,   1.000000E+00,   0.000000E+00
       271, 3/21/2013, 3:11:43,   4.030363E+01,   3.589837E+01,   3.602000E+01,   0.000000E+00,   1.000000E+00,   0.000000E+00
       272, 3/21/2013, 3:11:43,   4.322844E+01,   3.589837E+01,   3.602000E+01,   0.000000E+00,   1.000000E+00,   0.000000E+00
       273, 3/21/2013, 3:11:44,   3.999060E+01,   3.589837E+01,   3.602000E+01,   0.000000E+00,   1.000000E+00,   0.000000E+00
       274, 3/21/2013, 3:11:44,   3.893605E+01,   3.589837E+01,   3.602000E+01,   0.000000E+00,   1.000000E+00,   0.000000E+00
       275, 3/21/2013, 3:11:44,   3.711470E+01,   3.589837E+01,   3.602000E+01,   0.000000E+00,   1.000000E+00,   0.000000E+00
       276, 3/21/2013, 3:11:44,   3.889415E+01,   3.589837E+01,   3.602000E+01,   0.000000E+00,   1.000000E+00,   0.000000E+00
       277, 3/21/2013, 3:11:45,   3.891498E+01,   3.589384E+01,   3.602000E+01,   0.000000E+00,   1.000000E+00,   0.000000E+00
       278, 3/21/2013, 3:11:45,   4.056493E+01,   3.589837E+01,   3.602000E+01,   0.000000E+00,   1.000000E+00,   0.000000E+00
       279, 3/21/2013, 3:11:45,   3.887022E+01,   3.589384E+01,   3.602000E+01,   0.000000E+00,   1.000000E+00,   0.000000E+00
       280, 3/21/2013, 3:11:45,   4.047190E+01,   3.589837E+01,   3.602000E+01,   0.000000E+00,   1.000000E+00,   0.000000E+00
       281, 3/21/2013, 3:11:46,   4.175960E+01,   3.589384E+01,   3.602000E+01,   0.000000E+00,   1.000000E+00,   0.000000E+00
       282, 3/21/2013, 3:11:46,   4.328791E+01,   3.590741E+01,   3.602000E+01,   0.000000E+00,   1.000000E+00,   0.000000E+00
       283, 3/21/2013, 3:11:46,   4.037852E+01,   3.590741E+01,   3.602000E+01,   0.000000E+00,   1.000000E+00,   0.000000E+00
       284, 3/21/2013, 3:11:47,   3.823820E+01,   3.593453E+01,   3.602000E+01,   0.000000E+00,   1.000000E+00,   0.000000E+00
       285, 3/21/2013, 3:11:47,   3.982450E+01,   3.594358E+01,   3.602000E+01,   0.000000E+00,   1.000000E+00,   0.000000E+00
       286, 3/21/2013, 3:11:47,   3.543393E+01,   3.594358E+01,   3.602000E+01,   0.000000E+00,   1.000000E+00,   0.000000E+00
       287, 3/21/2013, 3:11:47,   3.828611E+01,   3.593905E+01,   3.602000E+01,   0.000000E+00,   1.000000E+00,   0.000000E+00
       288, 3/21/2013, 3:11:48,   3.825178E+01,   3.594358E+01,   3.602000E+01,   0.000000E+00,   1.000000E+00,   0.000000E+00
       289, 3/21/2013, 3:11:48,   3.837802E+01,   3.594358E+01,   3.602000E+01,   0.000000E+00,   1.000000E+00,   0.000000E+00
       290, 3/21/2013, 3:11:48,   3.847089E+01,   3.595262E+01,   3.602000E+01,   0.000000E+00,   1.000000E+00,   0.000000E+00
       291, 3/21/2013, 3:11:48,   3.853145E+01,   3.595262E+01,   3.602000E+01,   0.000000E+00,   1.000000E+00,   0.000000E+00
       292, 3/21/2013, 3:11:49,   4.000916E+01,   3.596166E+01,   3.602000E+01,   0.000000E+00,   1.000000E+00,   0.000000E+00
       293, 3/21/2013, 3:11:49,   4.143593E+01,   3.595714E+01,   3.602000E+01,   0.000000E+00,   1.000000E+00,   0.000000E+00
       294, 3/21/2013, 3:11:49,   4.004269E+01,   3.594810E+01,   3.602000E+01,   0.000000E+00,   1.000000E+00,   0.000000E+00
       295, 3/21/2013, 3:11:49,   4.281810E+01,   3.596618E+01,   3.602000E+01,   0.000000E+00,   1.000000E+00,   0.000000E+00
       296, 3/21/2013, 3:11:50,   3.658080E+01,   3.597974E+01,   3.602000E+01,   0.000000E+00,   1.000000E+00,   0.000000E+00
       297, 3/21/2013, 3:11:50,   4.141978E+01,   3.597070E+01,   3.602000E+01,   0.000000E+00,   1.000000E+00,   0.000000E+00
       298, 3/21/2013, 3:11:50,   4.446795E+01,   3.597070E+01,   3.602000E+01,   0.000000E+00,   1.000000E+00,   0.000000E+00
       299, 3/21/2013, 3:11:50,   3.817337E+01,   3.597974E+01,   3.602000E+01,   0.000000E+00,   1.000000E+00,   0.000000E+00
       300, 3/21/2013, 3:11:51,   4.107542E+01,   3.598426E+01,   3.602000E+01,   0.000000E+00,   1.000000E+00,   0.000000E+00
       301, 3/21/2013, 3:11:51,   4.106306E+01,   3.599331E+01,   3.602000E+01,   0.000000E+00,   1.000000E+00,   0.000000E+00
       302, 3/21/2013, 3:11:51,   3.792265E+01,   3.599331E+01,   3.602000E+01,   0.000000E+00,   1.000000E+00,   0.000000E+00
       303, 3/21/2013, 3:11:51,   3.921074E+01,   3.599783E+01,   3.602000E+01,   0.000000E+00,   1.000000E+00,   0.000000E+00
       304, 3/21/2013, 3:11:52,   3.961462E+01,   3.599783E+01,   3.602000E+01,   0.000000E+00,   1.000000E+00,   0.000000E+00
       305, 3/21/2013, 3:11:52,   3.941855E+01,   3.599783E+01,   3.602000E+01,   0.000000E+00,   1.000000E+00,   0.000000E+00
       306, 3/21/2013, 3:11:52,   4.123942E+01,   3.598879E+01,   3.602000E+01,   0.000000E+00,   1.000000E+00,   0.000000E+00
       307, 3/21/2013, 3:11:53,   3.797411E+01,   3.599331E+01,   3.602000E+01,   0.000000E+00,   1.000000E+00,   0.000000E+00
       308, 3/21/2013, 3:11:53,   3.625569E+01,   3.600687E+01,   3.602000E+01,   0.000000E+00,   1.000000E+00,   0.000000E+00
       309, 3/21/2013, 3:11:53,   3.968453E+01,   3.599783E+01,   3.602000E+01,   0.000000E+00,   1.000000E+00,   0.000000E+00
       310, 3/21/2013, 3:11:53,   4.109901E+01,   3.600235E+01,   3.602000E+01,   0.000000E+00,   1.000000E+00,   0.000000E+00
       311, 3/21/2013, 3:11:53,   4.102899E+01,   3.600235E+01,   3.602000E+01,   0.000000E+00,   1.000000E+00,   0.000000E+00
       312, 3/21/2013, 3:11:54,   3.620440E+01,   3.600687E+01,   3.602000E+01,   0.000000E+00,   1.000000E+00,   0.000000E+00
       313, 3/21/2013, 3:11:54,   3.307418E+01,   3.601139E+01,   3.602000E+01,   0.000000E+00,   1.000000E+00,   0.000000E+00
       314, 3/21/2013, 3:11:54,   3.971422E+01,   3.599331E+01,   3.602000E+01,   0.000000E+00,   1.000000E+00,   0.000000E+00
       315, 3/21/2013, 3:11:55,   4.119225E+01,   3.600235E+01,   3.602000E+01,   0.000000E+00,   1.000000E+00,   0.000000E+00
       316, 3/21/2013, 3:11:55,   4.096481E+01,   3.600687E+01,   3.602000E+01,   0.000000E+00,   1.000000E+00,   0.000000E+00
       317, 3/21/2013, 3:11:55,   3.763740E+01,   3.601139E+01,   3.602000E+01,   0.000000E+00,   1.000000E+00,   0.000000E+00
       318, 3/21/2013, 3:11:55,   3.921009E+01,   3.602496E+01,   3.602000E+01,   0.000000E+00,   1.000000E+00,   0.000000E+00
       319, 3/21/2013, 3:11:55,   4.119937E+01,   3.601591E+01,   3.602000E+01,   0.000000E+00,   1.000000E+00,   0.000000E+00
       320, 3/21/2013, 3:11:56,   3.926852E+01,   3.601139E+01,   3.602000E+01,   0.000000E+00,   1.000000E+00,   0.000000E+00
       321, 3/21/2013, 3:11:56,   4.340117E+01,   3.601591E+01,   3.602000E+01,   0.000000E+00,   1.000000E+00,   0.000000E+00
       322, 3/21/2013, 3:11:56,   3.307705E+01,   3.602496E+01,   3.602000E+01,   0.000000E+00,   1.000000E+00,   0.000000E+00
       323, 3/21/2013, 3:11:57,   3.889985E+01,   3.602496E+01,   3.602000E+01,   0.000000E+00,   1.000000E+00,   0.000000E+00
       324, 3/21/2013, 3:11:57,   3.928178E+01,   3.602044E+01,   3.602000E+01,   0.000000E+00,   1.000000E+00,   0.000000E+00
       325, 3/21/2013, 3:11:57,   3.908391E+01,   3.602044E+01,   3.602000E+01,   0.000000E+00,   1.000000E+00,   0.000000E+00
       326, 3/21/2013, 3:11:57,   4.046509E+01,   3.602044E+01,   3.602000E+01,   0.000000E+00,   1.000000E+00,   0.000000E+00
       327, 3/21/2013, 3:11:58,   3.629745E+01,   3.602044E+01,   3.602000E+01,   0.000000E+00,   1.000000E+00,   0.000000E+00
       328, 3/21/2013, 3:11:58,   3.630709E+01,   3.601591E+01,   3.602000E+01,   0.000000E+00,   1.000000E+00,   0.000000E+00
       329, 3/21/2013, 3:11:58,   3.630230E+01,   3.601591E+01,   3.602000E+01,   0.000000E+00,   1.000000E+00,   0.000000E+00
       330, 3/21/2013, 3:11:58,   3.516874E+01,   3.600687E+01,   3.602000E+01,   0.000000E+00,   1.000000E+00,   0.000000E+00
       331, 3/21/2013, 3:11:59,   4.571247E+01,   3.599331E+01,   3.602000E+01,   0.000000E+00,   1.000000E+00,   0.000000E+00
       332, 3/21/2013, 3:11:59,   3.915641E+01,   3.599783E+01,   3.602000E+01,   0.000000E+00,   1.000000E+00,   0.000000E+00
       333, 3/21/2013, 3:11:59,   3.792968E+01,   3.600687E+01,   3.602000E+01,   0.000000E+00,   1.000000E+00,   0.000000E+00
       334, 3/21/2013, 3:11:59,   4.077659E+01,   3.599331E+01,   3.602000E+01,   0.000000E+00,   1.000000E+00,   0.000000E+00
       335, 3/21/2013, 3:12:00,   3.974887E+01,   3.598879E+01,   3.602000E+01,   0.000000E+00,   1.000000E+00,   0.000000E+00
       336, 3/21/2013, 3:12:00,   4.143035E+01,   3.598426E+01,   3.602000E+01,   0.000000E+00,   1.000000E+00,   0.000000E+00
       337, 3/21/2013, 3:12:00,   3.654229E+01,   3.598879E+01,   3.602000E+01,   0.000000E+00,   1.000000E+00,   0.000000E+00
       338, 3/21/2013, 3:12:01,   3.663263E+01,   3.598426E+01,   3.602000E+01,   0.000000E+00,   1.000000E+00,   0.000000E+00
       339, 3/21/2013, 3:12:01,   4.120319E+01,   3.597974E+01,   3.602000E+01,   0.000000E+00,   1.000000E+00,   0.000000E+00
       340, 3/21/2013, 3:12:01,   4.310622E+01,   3.597522E+01,   3.602000E+01,   0.000000E+00,   1.000000E+00,   0.000000E+00
       341, 3/21/2013, 3:12:01,   4.174469E+01,   3.597070E+01,   3.602000E+01,   0.000000E+00,   1.000000E+00,   0.000000E+00
       342, 3/21/2013, 3:12:02,   4.143172E+01,   3.596618E+01,   3.602000E+01,   0.000000E+00,   1.000000E+00,   0.000000E+00
       343, 3/21/2013, 3:12:02,   3.370835E+01,   3.597522E+01,   3.602000E+01,   0.000000E+00,   1.000000E+00,   0.000000E+00
       344, 3/21/2013, 3:12:02,   3.683048E+01,   3.595714E+01,   3.602000E+01,   0.000000E+00,   1.000000E+00,   0.000000E+00
       345, 3/21/2013, 3:12:02,   4.157830E+01,   3.596166E+01,   3.602000E+01,   0.000000E+00,   1.000000E+00,   0.000000E+00
       346, 3/21/2013, 3:12:03,   4.140720E+01,   3.595714E+01,   3.602000E+01,   0.000000E+00,   1.000000E+00,   0.000000E+00
       347, 3/21/2013, 3:12:03,   4.204678E+01,   3.594810E+01,   3.602000E+01,   0.000000E+00,   1.000000E+00,   0.000000E+00
       348, 3/21/2013, 3:12:03,   3.713765E+01,   3.596166E+01,   3.602000E+01,   0.000000E+00,   1.000000E+00,   0.000000E+00
       349, 3/21/2013, 3:12:03,   4.045867E+01,   3.594358E+01,   3.602000E+01,   0.000000E+00,   1.000000E+00,   0.000000E+00
       350, 3/21/2013, 3:12:04,   3.729398E+01,   3.594358E+01,   3.602000E+01,   0.000000E+00,   1.000000E+00,   0.000000E+00
       351, 3/21/2013, 3:12:04,   4.009111E+01,   3.594358E+01,   3.602000E+01,   0.000000E+00,   1.000000E+00,   0.000000E+00
       352, 3/21/2013, 3:12:04,   4.053787E+01,   3.593001E+01,   3.602000E+01,   0.000000E+00,   1.000000E+00,   0.000000E+00
       353, 3/21/2013, 3:12:04,   4.055571E+01,   3.593001E+01,   3.602000E+01,   0.000000E+00,   1.000000E+00,   0.000000E+00
       354, 3/21/2013, 3:12:05,   3.721902E+01,   3.594358E+01,   3.602000E+01,   0.000000E+00,   1.000000E+00,   0.000000E+00
       355, 3/21/2013, 3:12:05,   4.345135E+01,   3.593905E+01,   3.602000E+01,   0.000000E+00,   1.000000E+00,   0.000000E+00
       356, 3/21/2013, 3:12:05,   4.052278E+01,   3.593001E+01,   3.602000E+01,   0.000000E+00,   1.000000E+00,   0.000000E+00
       357, 3/21/2013, 3:12:05,   4.190484E+01,   3.593453E+01,   3.602000E+01,   0.000000E+00,   1.000000E+00,   0.000000E+00
       358, 3/21/2013, 3:12:06,   3.926021E+01,   3.592097E+01,   3.602000E+01,   0.000000E+00,   1.000000E+00,   0.000000E+00
       359, 3/21/2013, 3:12:06,   4.357427E+01,   3.593001E+01,   3.602000E+01,   0.000000E+00,   1.000000E+00,   0.000000E+00
       360, 3/21/2013, 3:12:06,   4.671064E+01,   3.593001E+01,   3.602000E+01,   0.000000E+00,   1.000000E+00,   0.000000E+00
       361, 3/21/2013, 3:12:06,   3.750869E+01,   3.592549E+01,   3.602000E+01,   0.000000E+00,   1.000000E+00,   0.000000E+00
       362, 3/21/2013, 3:12:07,   4.045238E+01,   3.594358E+01,   3.602000E+01,   0.000000E+00,   1.000000E+00,   0.000000E+00
       363, 3/21/2013, 3:12:07,   4.059491E+01,   3.593453E+01,   3.602000E+01,   0.000000E+00,   1.000000E+00,   0.000000E+00
       364, 3/21/2013, 3:12:07,   4.179813E+01,   3.594810E+01,   3.602000E+01,   0.000000E+00,   1.000000E+00,   0.000000E+00
       365, 3/21/2013, 3:12:07,   3.863871E+01,   3.594358E+01,   3.602000E+01,   0.000000E+00,   1.000000E+00,   0.000000E+00
       366, 3/21/2013, 3:12:08,   3.843469E+01,   3.594358E+01,   3.602000E+01,   0.000000E+00,   1.000000E+00,   0.000000E+00
       367, 3/21/2013, 3:12:08,   3.831948E+01,   3.596166E+01,   3.602000E+01,   0.000000E+00,   1.000000E+00,   0.000000E+00
       368, 3/21/2013, 3:12:08,   4.028506E+01,   3.595714E+01,   3.602000E+01,   0.000000E+00,   1.000000E+00,   0.000000E+00
       369, 3/21/2013, 3:12:09,   4.007774E+01,   3.597070E+01,   3.602000E+01,   0.000000E+00,   1.000000E+00,   0.000000E+00
       370, 3/21/2013, 3:12:09,   3.703320E+01,   3.597070E+01,   3.602000E+01,   0.000000E+00,   1.000000E+00,   0.000000E+00
       371, 3/21/2013, 3:12:09,   3.819519E+01,   3.598426E+01,   3.602000E+01,   0.000000E+00,   1.000000E+00,   0.000000E+00
       372, 3/21/2013, 3:12:09,   3.938755E+01,   3.600687E+01,   3.602000E+01,   0.000000E+00,   1.000000E+00,   0.000000E+00
       373, 3/21/2013, 3:12:10,   3.804230E+01,   3.599783E+01,   3.602000E+01,   0.000000E+00,   1.000000E+00,   0.000000E+00
       374, 3/21/2013, 3:12:10,   4.283725E+01,   3.599331E+01,   3.602000E+01,   0.000000E+00,   1.000000E+00,   0.000000E+00
       375, 3/21/2013, 3:12:10,   3.642250E+01,   3.600687E+01,   3.602000E+01,   0.000000E+00,   1.000000E+00,   0.000000E+00
       376, 3/21/2013, 3:12:10,   3.803757E+01,   3.601139E+01,   3.602000E+01,   0.000000E+00,   1.000000E+00,   0.000000E+00
       377, 3/21/2013, 3:12:11,   3.985944E+01,   3.601591E+01,   3.602000E+01,   0.000000E+00,   1.000000E+00,   0.000000E+00
       378, 3/21/2013, 3:12:11,   4.109667E+01,   3.602044E+01,   3.602000E+01,   0.000000E+00,   1.000000E+00,   0.000000E+00
       379, 3/21/2013, 3:12:11,   3.640748E+01,   3.602044E+01,   3.602000E+01,   0.000000E+00,   1.000000E+00,   0.000000E+00
       380, 3/21/2013, 3:12:11,   4.434653E+01,   3.601591E+01,   3.602000E+01,   0.000000E+00,   1.000000E+00,   0.000000E+00
       381, 3/21/2013, 3:12:12,   4.098917E+01,   3.602948E+01,   3.602000E+01,   0.000000E+00,   1.000000E+00,   0.000000E+00
       382, 3/21/2013, 3:12:12,   3.472654E+01,   3.602496E+01,   3.602000E+01,   0.000000E+00,   1.000000E+00,   0.000000E+00
       383, 3/21/2013, 3:12:12,   3.486405E+01,   3.603400E+01,   3.602000E+01,   0.000000E+00,   1.000000E+00,   0.000000E+00
       384, 3/21/2013, 3:12:12,   3.773853E+01,   3.602044E+01,   3.602000E+01,   0.000000E+00,   1.000000E+00,   0.000000E+00
       385, 3/21/2013, 3:12:13,   3.890193E+01,   3.603852E+01,   3.602000E+01,   0.000000E+00,   1.000000E+00,   0.000000E+00
       386, 3/21/2013, 3:12:13,   3.903613E+01,   3.604304E+01,   3.602000E+01,   0.000000E+00,   1.000000E+00,   0.000000E+00
       387, 3/21/2013, 3:12:13,   3.789022E+01,   3.603852E+01,   3.602000E+01,   0.000000E+00,   1.000000E+00,   0.000000E+00
       388, 3/21/2013, 3:12:13,   3.895954E+01,   3.603852E+01,   3.602000E+01,   0.000000E+00,   1.000000E+00,   0.000000E+00
       389, 3/21/2013, 3:12:14,   3.902748E+01,   3.605209E+01,   3.602000E+01,   0.000000E+00,   1.000000E+00,   0.000000E+00
       390, 3/21/2013, 3:12:14,   4.030564E+01,   3.605661E+01,   3.602000E+01,   0.000000E+00,   1.000000E+00,   0.000000E+00
       391, 3/21/2013, 3:12:14,   3.907432E+01,   3.604756E+01,   3.602000E+01,   0.000000E+00,   1.000000E+00,   0.000000E+00
       392, 3/21/2013, 3:12:14,   3.564212E+01,   3.605661E+01,   3.602000E+01,   0.000000E+00,   1.000000E+00,   0.000000E+00
       393, 3/21/2013, 3:12:15,   3.592226E+01,   3.605209E+01,   3.602000E+01,   0.000000E+00,   1.000000E+00,   0.000000E+00
       394, 3/21/2013, 3:12:15,   4.217796E+01,   3.604756E+01,   3.602000E+01,   0.000000E+00,   1.000000E+00,   0.000000E+00
       395, 3/21/2013, 3:12:15,   3.760706E+01,   3.605209E+01,   3.602000E+01,   0.000000E+00,   1.000000E+00,   0.000000E+00
       396, 3/21/2013, 3:12:15,   3.895171E+01,   3.604756E+01,   3.602000E+01,   0.000000E+00,   1.000000E+00,   0.000000E+00
       397, 3/21/2013, 3:12:16,   4.044225E+01,   3.605209E+01,   3.602000E+01,   0.000000E+00,   1.000000E+00,   0.000000E+00
       398, 3/21/2013, 3:12:16,   4.193092E+01,   3.606565E+01,   3.602000E+01,   0.000000E+00,   1.000000E+00,   0.000000E+00
       399, 3/21/2013, 3:12:16,   4.085259E+01,   3.603852E+01,   3.602000E+01,   0.000000E+00,   1.000000E+00,   0.000000E+00
       400, 3/21/2013, 3:12:16,   4.212252E+01,   3.603852E+01,   3.602000E+01,   0.000000E+00,   1.000000E+00,   0.000000E+00
       401, 3/21/2013, 3:12:17,   4.066929E+01,   3.603400E+01,   3.602000E+01,   0.000000E+00,   1.000000E+00,   0.000000E+00
       402, 3/21/2013, 3:12:17,   3.446072E+01,   3.604304E+01,   3.602000E+01,   0.000000E+00,   1.000000E+00,   0.000000E+00
       403, 3/21/2013, 3:12:17,   3.889841E+01,   3.602948E+01,   3.602000E+01,   0.000000E+00,   1.000000E+00,   0.000000E+00
       404, 3/21/2013, 3:12:17,   4.105903E+01,   3.602496E+01,   3.602000E+01,   0.000000E+00,   1.000000E+00,   0.000000E+00
       405, 3/21/2013, 3:12:18,   3.979015E+01,   3.601591E+01,   3.602000E+01,   0.000000E+00,   1.000000E+00,   0.000000E+00
       406, 3/21/2013, 3:12:18,   3.781444E+01,   3.602044E+01,   3.602000E+01,   0.000000E+00,   1.000000E+00,   0.000000E+00
       407, 3/21/2013, 3:12:18,   4.097750E+01,   3.601591E+01,   3.602000E+01,   0.000000E+00,   1.000000E+00,   0.000000E+00
       408, 3/21/2013, 3:12:19,   4.082090E+01,   3.600687E+01,   3.602000E+01,   0.000000E+00,   1.000000E+00,   0.000000E+00
       409, 3/21/2013, 3:12:19,   3.950802E+01,   3.600235E+01,   3.602000E+01,   0.000000E+00,   1.000000E+00,   0.000000E+00
       410, 3/21/2013, 3:12:19,   3.613964E+01,   3.601139E+01,   3.602000E+01,   0.000000E+00,   1.000000E+00,   0.000000E+00
       411, 3/21/2013, 3:12:19,   3.917841E+01,   3.601139E+01,   3.602000E+01,   0.000000E+00,   1.000000E+00,   0.000000E+00
       412, 3/21/2013, 3:12:20,   4.201252E+01,   3.601139E+01,   3.602000E+01,   0.000000E+00,   1.000000E+00,   0.000000E+00
       413, 3/21/2013, 3:12:20,   4.119203E+01,   3.600235E+01,   3.602000E+01,   0.000000E+00,   1.000000E+00,   0.000000E+00
       414, 3/21/2013, 3:12:20,   3.923062E+01,   3.601591E+01,   3.602000E+01,   0.000000E+00,   1.000000E+00,   0.000000E+00
       415, 3/21/2013, 3:12:20,   3.915708E+01,   3.601591E+01,   3.602000E+01,   0.000000E+00,   1.000000E+00,   0.000000E+00
       416, 3/21/2013, 3:12:21,   4.105473E+01,   3.601139E+01,   3.602000E+01,   0.000000E+00,   1.000000E+00,   0.000000E+00
       417, 3/21/2013, 3:12:21,   4.241130E+01,   3.602044E+01,   3.602000E+01,   0.000000E+00,   1.000000E+00,   0.000000E+00
       418, 3/21/2013, 3:12:21,   3.598079E+01,   3.602044E+01,   3.602000E+01,   0.000000E+00,   1.000000E+00,   0.000000E+00
       419, 3/21/2013, 3:12:21,   4.252729E+01,   3.601591E+01,   3.602000E+01,   0.000000E+00,   1.000000E+00,   0.000000E+00
       420, 3/21/2013, 3:12:22,   3.899564E+01,   3.601591E+01,   3.602000E+01,   0.000000E+00,   1.000000E+00,   0.000000E+00
       421, 3/21/2013, 3:12:22,   4.033343E+01,   3.602948E+01,   3.602000E+01,   0.000000E+00,   1.000000E+00,   0.000000E+00
       422, 3/21/2013, 3:12:22,   3.738531E+01,   3.603852E+01,   3.602000E+01,   0.000000E+00,   1.000000E+00,   0.000000E+00
       423, 3/21/2013, 3:12:22,   4.216605E+01,   3.602496E+01,   3.602000E+01,   0.000000E+00,   1.000000E+00,   0.000000E+00
       424, 3/21/2013, 3:12:23,   4.057106E+01,   3.602948E+01,   3.602000E+01,   0.000000E+00,   1.000000E+00,   0.000000E+00
       425, 3/21/2013, 3:12:23,   3.687629E+01,   3.604304E+01,   3.602000E+01,   0.000000E+00,   1.000000E+00,   0.000000E+00
       426, 3/21/2013, 3:12:23,   4.063530E+01,   3.603400E+01,   3.602000E+01,   0.000000E+00,   1.000000E+00,   0.000000E+00
       427, 3/21/2013, 3:12:23,   4.021620E+01,   3.604304E+01,   3.602000E+01,   0.000000E+00,   1.000000E+00,   0.000000E+00
       428, 3/21/2013, 3:12:24,   3.416648E+01,   3.604756E+01,   3.602000E+01,   0.000000E+00,   1.000000E+00,   0.000000E+00
       429, 3/21/2013, 3:12:24,   3.888309E+01,   3.605209E+01,   3.602000E+01,   0.000000E+00,   1.000000E+00,   0.000000E+00
       430, 3/21/2013, 3:12:24,   3.892939E+01,   3.605209E+01,   3.602000E+01,   0.000000E+00,   1.000000E+00,   0.000000E+00
       431, 3/21/2013, 3:12:24,   3.375976E+01,   3.606113E+01,   3.602000E+01,   0.000000E+00,   1.000000E+00,   0.000000E+00
       432, 3/21/2013, 3:12:25,   3.459700E+01,   3.603852E+01,   3.602000E+01,   0.000000E+00,   1.000000E+00,   0.000000E+00
       433, 3/21/2013, 3:12:25,   4.065778E+01,   3.604304E+01,   3.602000E+01,   0.000000E+00,   1.000000E+00,   0.000000E+00
       434, 3/21/2013, 3:12:25,   3.872334E+01,   3.604304E+01,   3.602000E+01,   0.000000E+00,   1.000000E+00,   0.000000E+00
       435, 3/21/2013, 3:12:26,   3.562451E+01,   3.605209E+01,   3.602000E+01,   0.000000E+00,   1.000000E+00,   0.000000E+00
       436, 3/21/2013, 3:12:26,   4.027460E+01,   3.604756E+01,   3.602000E+01,   0.000000E+00,   1.000000E+00,   0.000000E+00
       437, 3/21/2013, 3:12:26,   3.899620E+01,   3.603400E+01,   3.602000E+01,   0.000000E+00,   1.000000E+00,   0.000000E+00
       438, 3/21/2013, 3:12:26,   3.707334E+01,   3.603400E+01,   3.602000E+01,   0.000000E+00,   1.000000E+00,   0.000000E+00
       439, 3/21/2013, 3:12:27,   3.245978E+01,   3.604304E+01,   3.602000E+01,   0.000000E+00,   1.000000E+00,   0.000000E+00
       440, 3/21/2013, 3:12:27,   3.737356E+01,   3.604304E+01,   3.602000E+01,   0.000000E+00,   1.000000E+00,   0.000000E+00
       441, 3/21/2013, 3:12:27,   4.562585E+01,   3.602948E+01,   3.602000E+01,   0.000000E+00,   1.000000E+00,   0.000000E+00
       442, 3/21/2013, 3:12:27,   3.935091E+01,   3.602496E+01,   3.602000E+01,   0.000000E+00,   1.000000E+00,   0.000000E+00
       443, 3/21/2013, 3:12:27,   4.080544E+01,   3.601591E+01,   3.602000E+01,   0.000000E+00,   1.000000E+00,   0.000000E+00
       444, 3/21/2013, 3:12:28,   4.375219E+01,   3.601591E+01,   3.602000E+01,   0.000000E+00,   1.000000E+00,   0.000000E+00
       445, 3/21/2013, 3:12:28,   3.466657E+01,   3.600687E+01,   3.602000E+01,   0.000000E+00,   1.000000E+00,   0.000000E+00
       446, 3/21/2013, 3:12:28,   3.760506E+01,   3.600235E+01,   3.602000E+01,   0.000000E+00,   1.000000E+00,   0.000000E+00
       447, 3/21/2013, 3:12:29,   3.932906E+01,   3.599331E+01,   3.602000E+01,   0.000000E+00,   1.000000E+00,   0.000000E+00
       448, 3/21/2013, 3:12:29,   3.780099E+01,   3.599783E+01,   3.602000E+01,   0.000000E+00,   1.000000E+00,   0.000000E+00
       449, 3/21/2013, 3:12:29,   4.245522E+01,   3.598426E+01,   3.602000E+01,   0.000000E+00,   1.000000E+00,   0.000000E+00
       450, 3/21/2013, 3:12:29,   3.778804E+01,   3.599783E+01,   3.602000E+01,   0.000000E+00,   1.000000E+00,   0.000000E+00
       451, 3/21/2013, 3:12:30,   3.649903E+01,   3.598879E+01,   3.602000E+01,   0.000000E+00,   1.000000E+00,   0.000000E+00
       452, 3/21/2013, 3:12:30,   3.788655E+01,   3.599331E+01,   3.602000E+01,   0.000000E+00,   1.000000E+00,   0.000000E+00
       453, 3/21/2013, 3:12:30,   3.937288E+01,   3.599331E+01,   3.602000E+01,   0.000000E+00,   1.000000E+00,   0.000000E+00
       454, 3/21/2013, 3:12:30,   4.243064E+01,   3.599783E+01,   3.602000E+01,   0.000000E+00,   1.000000E+00,   0.000000E+00
       455, 3/21/2013, 3:12:31,   4.105697E+01,   3.597974E+01,   3.602000E+01,   0.000000E+00,   1.000000E+00,   0.000000E+00
       456, 3/21/2013, 3:12:31,   4.072372E+01,   3.598426E+01,   3.602000E+01,   0.000000E+00,   1.000000E+00,   0.000000E+00
       457, 3/21/2013, 3:12:31,   3.470055E+01,   3.598879E+01,   3.602000E+01,   0.000000E+00,   1.000000E+00,   0.000000E+00
       458, 3/21/2013, 3:12:31,   3.599887E+01,   3.599783E+01,   3.602000E+01,   0.000000E+00,   1.000000E+00,   0.000000E+00
       459, 3/21/2013, 3:12:32,   4.030083E+01,   3.600687E+01,   3.602000E+01,   0.000000E+00,   1.000000E+00,   0.000000E+00
       460, 3/21/2013, 3:12:32,   3.619828E+01,   3.600235E+01,   3.602000E+01,   0.000000E+00,   1.000000E+00,   0.000000E+00
       461, 3/21/2013, 3:12:32,   4.422081E+01,   3.599331E+01,   3.602000E+01,   0.000000E+00,   1.000000E+00,   0.000000E+00
       462, 3/21/2013, 3:12:32,   3.941444E+01,   3.599331E+01,   3.602000E+01,   0.000000E+00,   1.000000E+00,   0.000000E+00
       463, 3/21/2013, 3:12:33,   4.203918E+01,   3.599783E+01,   3.602000E+01,   0.000000E+00,   1.000000E+00,   0.000000E+00
       464, 3/21/2013, 3:12:33,   3.604535E+01,   3.599783E+01,   3.602000E+01,   0.000000E+00,   1.000000E+00,   0.000000E+00
       465, 3/21/2013, 3:12:33,   3.796236E+01,   3.599783E+01,   3.602000E+01,   0.000000E+00,   1.000000E+00,   0.000000E+00
       466, 3/21/2013, 3:12:33,   4.089442E+01,   3.599331E+01,   3.602000E+01,   0.000000E+00,   1.000000E+00,   0.000000E+00
       467, 3/21/2013, 3:12:34,   3.665871E+01,   3.598879E+01,   3.602000E+01,   0.000000E+00,   1.000000E+00,   0.000000E+00
       468, 3/21/2013, 3:12:34,   3.789517E+01,   3.600687E+01,   3.602000E+01,   0.000000E+00,   1.000000E+00,   0.000000E+00
       469, 3/21/2013, 3:12:34,   3.980813E+01,   3.598879E+01,   3.602000E+01,   0.000000E+00,   1.000000E+00,   0.000000E+00
       470, 3/21/2013, 3:12:35,   3.781708E+01,   3.598426E+01,   3.602000E+01,   0.000000E+00,   1.000000E+00,   0.000000E+00
       471, 3/21/2013, 3:12:35,   3.607801E+01,   3.598879E+01,   3.602000E+01,   0.000000E+00,   1.000000E+00,   0.000000E+00
       472, 3/21/2013, 3:12:35,   3.483356E+01,   3.599331E+01,   3.602000E+01,   0.000000E+00,   1.000000E+00,   0.000000E+00
       473, 3/21/2013, 3:12:35,   4.140219E+01,   3.597522E+01,   3.602000E+01,   0.000000E+00,   1.000000E+00,   0.000000E+00
       474, 3/21/2013, 3:12:35,   4.429792E+01,   3.597974E+01,   3.602000E+01,   0.000000E+00,   1.000000E+00,   0.000000E+00
