Record,Date,UTC Time,CV,PV,SP,DS1,DS2,DS3
         1, 3/21/2013, 2:38:32,   5.000000E+01,   3.645447E+01,   3.645000E+01,   0.000000E+00,   0.000000E+00,   0.000000E+00
         2, 3/21/2013, 2:38:32,   5.000000E+01,   3.645447E+01,   3.645000E+01,   0.000000E+00,   0.000000E+00,   0.000000E+00
         3, 3/21/2013, 2:38:33,   5.000000E+01,   3.645447E+01,   3.645000E+01,   0.000000E+00,   0.000000E+00,   0.000000E+00
         4, 3/21/2013, 2:38:33,   5.000000E+01,   3.646351E+01,   3.645000E+01,   0.000000E+00,   0.000000E+00,   0.000000E+00
         5, 3/21/2013, 2:38:33,   5.000000E+01,   3.645899E+01,   3.645000E+01,   0.000000E+00,   0.000000E+00,   0.000000E+00
         6, 3/21/2013, 2:38:33,   5.000000E+01,   3.646804E+01,   3.645000E+01,   0.000000E+00,   0.000000E+00,   0.000000E+00
         7, 3/21/2013, 2:38:34,   5.000000E+01,   3.645899E+01,   3.645000E+01,   0.000000E+00,   0.000000E+00,   0.000000E+00
         8, 3/21/2013, 2:38:34,   5.000000E+01,   3.646351E+01,   3.645000E+01,   0.000000E+00,   0.000000E+00,   0.000000E+00
         9, 3/21/2013, 2:38:34,   5.000000E+01,   3.645447E+01,   3.645000E+01,   0.000000E+00,   0.000000E+00,   0.000000E+00
        10, 3/21/2013, 2:38:34,   4.999838E+01,   3.645899E+01,   3.645000E+01,   0.000000E+00,   0.000000E+00,   0.000000E+00
        11, 3/21/2013, 2:38:35,   4.999677E+01,   3.645447E+01,   3.645000E+01,   0.000000E+00,   0.000000E+00,   0.000000E+00
        12, 3/21/2013, 2:38:35,   4.932793E+01,   3.645899E+01,   3.645000E+01,   0.000000E+00,   0.000000E+00,   0.000000E+00
        13, 3/21/2013, 2:38:35,   5.022637E+01,   3.645447E+01,   3.645000E+01,   0.000000E+00,   0.000000E+00,   0.000000E+00
        14, 3/21/2013, 2:38:35,   5.043232E+01,   3.645899E+01,   3.645000E+01,   0.000000E+00,   0.000000E+00,   0.000000E+00
        15, 3/21/2013, 2:38:36,   5.008591E+01,   3.645447E+01,   3.645000E+01,   0.000000E+00,   0.000000E+00,   0.000000E+00
        16, 3/21/2013, 2:38:36,   5.036416E+01,   3.646804E+01,   3.645000E+01,   0.000000E+00,   0.000000E+00,   0.000000E+00
        17, 3/21/2013, 2:38:36,   4.974463E+01,   3.645899E+01,   3.645000E+01,   0.000000E+00,   0.000000E+00,   0.000000E+00
        18, 3/21/2013, 2:38:36,   5.000883E+01,   3.645447E+01,   3.645000E+01,   0.000000E+00,   0.000000E+00,   0.000000E+00
        19, 3/21/2013, 2:38:37,   5.047869E+01,   3.644543E+01,   3.645000E+01,   1.000000E+00,   0.000000E+00,   0.000000E+00
        20, 3/21/2013, 2:38:37,   4.977575E+01,   3.644543E+01,   3.645000E+01,   1.000000E+00,   0.000000E+00,   0.000000E+00
        21, 3/21/2013, 2:38:37,   5.006186E+01,   3.644543E+01,   3.645000E+01,   1.000000E+00,   0.000000E+00,   0.000000E+00
        22, 3/21/2013, 2:38:38,   5.038201E+01,   3.644995E+01,   3.645000E+01,   1.000000E+00,   0.000000E+00,   0.000000E+00
        23, 3/21/2013, 2:38:38,   4.978578E+01,   3.644543E+01,   3.645000E+01,   1.000000E+00,   0.000000E+00,   0.000000E+00
        24, 3/21/2013, 2:38:38,   4.966006E+01,   3.645899E+01,   3.645000E+01,   1.000000E+00,   0.000000E+00,   0.000000E+00
        25, 3/21/2013, 2:38:38,   4.934803E+01,   3.646351E+01,   3.645000E+01,   1.000000E+00,   0.000000E+00,   0.000000E+00
        26, 3/21/2013, 2:38:39,   4.914941E+01,   3.649064E+01,   3.645000E+01,   1.000000E+00,   0.000000E+00,   0.000000E+00
        27, 3/21/2013, 2:38:39,   4.817623E+01,   3.650421E+01,   3.645000E+01,   1.000000E+00,   0.000000E+00,   0.000000E+00
        28, 3/21/2013, 2:38:39,   4.789619E+01,   3.651777E+01,   3.645000E+01,   1.000000E+00,   0.000000E+00,   0.000000E+00
        29, 3/21/2013, 2:38:39,   4.752061E+01,   3.652229E+01,   3.645000E+01,   1.000000E+00,   0.000000E+00,   0.000000E+00
        30, 3/21/2013, 2:38:40,   4.850081E+01,   3.654037E+01,   3.645000E+01,   1.000000E+00,   0.000000E+00,   0.000000E+00
        31, 3/21/2013, 2:38:40,   4.795235E+01,   3.655394E+01,   3.645000E+01,   1.000000E+00,   0.000000E+00,   0.000000E+00
        32, 3/21/2013, 2:38:40,   4.673060E+01,   3.659915E+01,   3.645000E+01,   1.000000E+00,   0.000000E+00,   0.000000E+00
        33, 3/21/2013, 2:38:40,   4.611225E+01,   3.661723E+01,   3.645000E+01,   1.000000E+00,   0.000000E+00,   0.000000E+00
        34, 3/21/2013, 2:38:41,   4.593673E+01,   3.663080E+01,   3.645000E+01,   1.000000E+00,   0.000000E+00,   0.000000E+00
        35, 3/21/2013, 2:38:41,   4.552802E+01,   3.666697E+01,   3.645000E+01,   1.000000E+00,   0.000000E+00,   0.000000E+00
        36, 3/21/2013, 2:38:41,   4.519769E+01,   3.669410E+01,   3.645000E+01,   1.000000E+00,   0.000000E+00,   0.000000E+00
        37, 3/21/2013, 2:38:41,   4.474971E+01,   3.672122E+01,   3.645000E+01,   1.000000E+00,   0.000000E+00,   0.000000E+00
        38, 3/21/2013, 2:38:42,   4.418658E+01,   3.673479E+01,   3.645000E+01,   1.000000E+00,   0.000000E+00,   0.000000E+00
        39, 3/21/2013, 2:38:42,   4.445372E+01,   3.676643E+01,   3.645000E+01,   1.000000E+00,   0.000000E+00,   0.000000E+00
        40, 3/21/2013, 2:38:42,   4.371746E+01,   3.678904E+01,   3.645000E+01,   1.000000E+00,   0.000000E+00,   0.000000E+00
        41, 3/21/2013, 2:38:42,   4.333875E+01,   3.680713E+01,   3.645000E+01,   1.000000E+00,   0.000000E+00,   0.000000E+00
        42, 3/21/2013, 2:38:43,   4.268274E+01,   3.684329E+01,   3.645000E+01,   1.000000E+00,   0.000000E+00,   0.000000E+00
        43, 3/21/2013, 2:38:43,   4.286884E+01,   3.687042E+01,   3.645000E+01,   1.000000E+00,   0.000000E+00,   0.000000E+00
        44, 3/21/2013, 2:38:43,   4.238524E+01,   3.688851E+01,   3.645000E+01,   1.000000E+00,   0.000000E+00,   0.000000E+00
        45, 3/21/2013, 2:38:43,   4.230032E+01,   3.691563E+01,   3.645000E+01,   1.000000E+00,   0.000000E+00,   0.000000E+00
        46, 3/21/2013, 2:38:44,   4.112855E+01,   3.694728E+01,   3.645000E+01,   1.000000E+00,   0.000000E+00,   0.000000E+00
        47, 3/21/2013, 2:38:44,   4.136121E+01,   3.697893E+01,   3.645000E+01,   1.000000E+00,   0.000000E+00,   0.000000E+00
        48, 3/21/2013, 2:38:44,   4.105098E+01,   3.698797E+01,   3.645000E+01,   1.000000E+00,   0.000000E+00,   0.000000E+00
        49, 3/21/2013, 2:38:44,   4.072251E+01,   3.702414E+01,   3.645000E+01,   1.000000E+00,   0.000000E+00,   0.000000E+00
        50, 3/21/2013, 2:38:45,   4.000068E+01,   3.704675E+01,   3.645000E+01,   1.000000E+00,   0.000000E+00,   0.000000E+00
        51, 3/21/2013, 2:38:45,   4.008035E+01,   3.706483E+01,   3.645000E+01,   1.000000E+00,   0.000000E+00,   0.000000E+00
        52, 3/21/2013, 2:38:45,   4.031138E+01,   3.706936E+01,   3.645000E+01,   1.000000E+00,   0.000000E+00,   0.000000E+00
        53, 3/21/2013, 2:38:45,   3.988353E+01,   3.708744E+01,   3.645000E+01,   1.000000E+00,   0.000000E+00,   0.000000E+00
        54, 3/21/2013, 2:38:46,   4.032650E+01,   3.710100E+01,   3.645000E+01,   1.000000E+00,   0.000000E+00,   0.000000E+00
        55, 3/21/2013, 2:38:46,   3.953912E+01,   3.712813E+01,   3.645000E+01,   1.000000E+00,   0.000000E+00,   0.000000E+00
        56, 3/21/2013, 2:38:46,   3.904264E+01,   3.714622E+01,   3.645000E+01,   1.000000E+00,   0.000000E+00,   0.000000E+00
        57, 3/21/2013, 2:38:46,   3.941667E+01,   3.715074E+01,   3.645000E+01,   1.000000E+00,   0.000000E+00,   0.000000E+00
        58, 3/21/2013, 2:38:47,   3.874628E+01,   3.717786E+01,   3.645000E+01,   1.000000E+00,   0.000000E+00,   0.000000E+00
        59, 3/21/2013, 2:38:47,   3.825523E+01,   3.719143E+01,   3.645000E+01,   1.000000E+00,   0.000000E+00,   0.000000E+00
        60, 3/21/2013, 2:38:47,   3.817045E+01,   3.720047E+01,   3.645000E+01,   1.000000E+00,   0.000000E+00,   0.000000E+00
        61, 3/21/2013, 2:38:48,   3.887962E+01,   3.719595E+01,   3.645000E+01,   1.000000E+00,   0.000000E+00,   0.000000E+00
        62, 3/21/2013, 2:38:48,   3.768270E+01,   3.721856E+01,   3.645000E+01,   1.000000E+00,   0.000000E+00,   0.000000E+00
        63, 3/21/2013, 2:38:48,   3.752736E+01,   3.723212E+01,   3.645000E+01,   1.000000E+00,   0.000000E+00,   0.000000E+00
        64, 3/21/2013, 2:38:48,   3.717881E+01,   3.724568E+01,   3.645000E+01,   1.000000E+00,   0.000000E+00,   0.000000E+00
        65, 3/21/2013, 2:38:49,   3.772521E+01,   3.725020E+01,   3.645000E+01,   1.000000E+00,   0.000000E+00,   0.000000E+00
        66, 3/21/2013, 2:38:49,   3.685002E+01,   3.726377E+01,   3.645000E+01,   1.000000E+00,   0.000000E+00,   0.000000E+00
        67, 3/21/2013, 2:38:49,   3.656832E+01,   3.726829E+01,   3.645000E+01,   1.000000E+00,   0.000000E+00,   0.000000E+00
        68, 3/21/2013, 2:38:49,   3.693869E+01,   3.726829E+01,   3.645000E+01,   1.000000E+00,   0.000000E+00,   0.000000E+00
        69, 3/21/2013, 2:38:50,   3.618556E+01,   3.728185E+01,   3.645000E+01,   1.000000E+00,   0.000000E+00,   0.000000E+00
        70, 3/21/2013, 2:38:50,   3.613522E+01,   3.728185E+01,   3.645000E+01,   1.000000E+00,   0.000000E+00,   0.000000E+00
        71, 3/21/2013, 2:38:50,   3.633157E+01,   3.728185E+01,   3.645000E+01,   1.000000E+00,   0.000000E+00,   0.000000E+00
        72, 3/21/2013, 2:38:50,   3.580784E+01,   3.729994E+01,   3.645000E+01,   1.000000E+00,   0.000000E+00,   0.000000E+00
        73, 3/21/2013, 2:38:51,   3.527134E+01,   3.729089E+01,   3.645000E+01,   1.000000E+00,   0.000000E+00,   0.000000E+00
        74, 3/21/2013, 2:38:51,   3.581786E+01,   3.730446E+01,   3.645000E+01,   1.000000E+00,   0.000000E+00,   0.000000E+00
        75, 3/21/2013, 2:38:51,   3.621481E+01,   3.729089E+01,   3.645000E+01,   1.000000E+00,   0.000000E+00,   0.000000E+00
        76, 3/21/2013, 2:38:51,   3.561953E+01,   3.729994E+01,   3.645000E+01,   1.000000E+00,   0.000000E+00,   0.000000E+00
        77, 3/21/2013, 2:38:52,   3.561330E+01,   3.729542E+01,   3.645000E+01,   1.000000E+00,   0.000000E+00,   0.000000E+00
        78, 3/21/2013, 2:38:52,   3.555006E+01,   3.729089E+01,   3.645000E+01,   1.000000E+00,   0.000000E+00,   0.000000E+00
        79, 3/21/2013, 2:38:52,   3.512653E+01,   3.728637E+01,   3.645000E+01,   1.000000E+00,   0.000000E+00,   0.000000E+00
        80, 3/21/2013, 2:38:52,   3.507898E+01,   3.728637E+01,   3.645000E+01,   1.000000E+00,   0.000000E+00,   0.000000E+00
        81, 3/21/2013, 2:38:53,   3.530872E+01,   3.727281E+01,   3.645000E+01,   1.000000E+00,   0.000000E+00,   0.000000E+00
        82, 3/21/2013, 2:38:53,   3.539288E+01,   3.727281E+01,   3.645000E+01,   1.000000E+00,   0.000000E+00,   0.000000E+00
        83, 3/21/2013, 2:38:53,   3.530460E+01,   3.726829E+01,   3.645000E+01,   1.000000E+00,   0.000000E+00,   0.000000E+00
        84, 3/21/2013, 2:38:53,   3.478496E+01,   3.725925E+01,   3.645000E+01,   1.000000E+00,   0.000000E+00,   0.000000E+00
        85, 3/21/2013, 2:38:54,   3.554428E+01,   3.724116E+01,   3.645000E+01,   1.000000E+00,   0.000000E+00,   0.000000E+00
        86, 3/21/2013, 2:38:54,   3.485735E+01,   3.723664E+01,   3.645000E+01,   1.000000E+00,   0.000000E+00,   0.000000E+00
        87, 3/21/2013, 2:38:54,   3.486913E+01,   3.723664E+01,   3.645000E+01,   1.000000E+00,   0.000000E+00,   0.000000E+00
        88, 3/21/2013, 2:38:55,   3.436886E+01,   3.720499E+01,   3.645000E+01,   1.000000E+00,   0.000000E+00,   0.000000E+00
        89, 3/21/2013, 2:38:55,   3.480432E+01,   3.719595E+01,   3.645000E+01,   1.000000E+00,   0.000000E+00,   0.000000E+00
        90, 3/21/2013, 2:38:55,   3.550824E+01,   3.719595E+01,   3.645000E+01,   1.000000E+00,   0.000000E+00,   0.000000E+00
        91, 3/21/2013, 2:38:55,   3.480204E+01,   3.717786E+01,   3.645000E+01,   1.000000E+00,   0.000000E+00,   0.000000E+00
        92, 3/21/2013, 2:38:56,   3.484842E+01,   3.716882E+01,   3.645000E+01,   1.000000E+00,   0.000000E+00,   0.000000E+00
        93, 3/21/2013, 2:38:56,   3.461909E+01,   3.716430E+01,   3.645000E+01,   1.000000E+00,   0.000000E+00,   0.000000E+00
        94, 3/21/2013, 2:38:56,   3.531742E+01,   3.714622E+01,   3.645000E+01,   1.000000E+00,   0.000000E+00,   0.000000E+00
        95, 3/21/2013, 2:38:56,   3.476928E+01,   3.713718E+01,   3.645000E+01,   1.000000E+00,   0.000000E+00,   0.000000E+00
        96, 3/21/2013, 2:38:57,   3.507273E+01,   3.711457E+01,   3.645000E+01,   1.000000E+00,   0.000000E+00,   0.000000E+00
        97, 3/21/2013, 2:38:57,   3.495934E+01,   3.709196E+01,   3.645000E+01,   1.000000E+00,   0.000000E+00,   0.000000E+00
        98, 3/21/2013, 2:38:57,   3.549205E+01,   3.708292E+01,   3.645000E+01,   1.000000E+00,   0.000000E+00,   0.000000E+00
        99, 3/21/2013, 2:38:57,   3.549154E+01,   3.705579E+01,   3.645000E+01,   1.000000E+00,   0.000000E+00,   0.000000E+00
       100, 3/21/2013, 2:38:58,   3.561684E+01,   3.705127E+01,   3.645000E+01,   1.000000E+00,   0.000000E+00,   0.000000E+00
       101, 3/21/2013, 2:38:58,   3.545031E+01,   3.701510E+01,   3.645000E+01,   1.000000E+00,   0.000000E+00,   0.000000E+00
       102, 3/21/2013, 2:38:58,   3.542223E+01,   3.700154E+01,   3.645000E+01,   1.000000E+00,   0.000000E+00,   0.000000E+00
       103, 3/21/2013, 2:38:58,   3.569038E+01,   3.697893E+01,   3.645000E+01,   1.000000E+00,   0.000000E+00,   0.000000E+00
       104, 3/21/2013, 2:38:59,   3.633476E+01,   3.695633E+01,   3.645000E+01,   1.000000E+00,   0.000000E+00,   0.000000E+00
       105, 3/21/2013, 2:38:59,   3.594878E+01,   3.693372E+01,   3.645000E+01,   1.000000E+00,   0.000000E+00,   0.000000E+00
       106, 3/21/2013, 2:38:59,   3.595023E+01,   3.692015E+01,   3.645000E+01,   1.000000E+00,   0.000000E+00,   0.000000E+00
       107, 3/21/2013, 2:39:00,   3.660555E+01,   3.688851E+01,   3.645000E+01,   1.000000E+00,   0.000000E+00,   0.000000E+00
       108, 3/21/2013, 2:39:00,   3.607649E+01,   3.687494E+01,   3.645000E+01,   1.000000E+00,   0.000000E+00,   0.000000E+00
       109, 3/21/2013, 2:39:00,   3.588188E+01,   3.686590E+01,   3.645000E+01,   1.000000E+00,   0.000000E+00,   0.000000E+00
       110, 3/21/2013, 2:39:00,   3.558678E+01,   3.683877E+01,   3.645000E+01,   1.000000E+00,   0.000000E+00,   0.000000E+00
       111, 3/21/2013, 2:39:01,   3.621592E+01,   3.682973E+01,   3.645000E+01,   1.000000E+00,   0.000000E+00,   0.000000E+00
       112, 3/21/2013, 2:39:01,   3.581385E+01,   3.682069E+01,   3.645000E+01,   1.000000E+00,   0.000000E+00,   0.000000E+00
       113, 3/21/2013, 2:39:01,   3.662114E+01,   3.679356E+01,   3.645000E+01,   1.000000E+00,   0.000000E+00,   0.000000E+00
       114, 3/21/2013, 2:39:01,   3.627378E+01,   3.678904E+01,   3.645000E+01,   1.000000E+00,   0.000000E+00,   0.000000E+00
       115, 3/21/2013, 2:39:02,   3.689157E+01,   3.677095E+01,   3.645000E+01,   1.000000E+00,   0.000000E+00,   0.000000E+00
       116, 3/21/2013, 2:39:02,   3.634228E+01,   3.675739E+01,   3.645000E+01,   1.000000E+00,   0.000000E+00,   0.000000E+00
       117, 3/21/2013, 2:39:02,   3.635118E+01,   3.673479E+01,   3.645000E+01,   1.000000E+00,   0.000000E+00,   0.000000E+00
       118, 3/21/2013, 2:39:02,   3.674751E+01,   3.673027E+01,   3.645000E+01,   1.000000E+00,   0.000000E+00,   0.000000E+00
       119, 3/21/2013, 2:39:02,   3.653601E+01,   3.670766E+01,   3.645000E+01,   1.000000E+00,   0.000000E+00,   0.000000E+00
       120, 3/21/2013, 2:39:03,   3.675919E+01,   3.669410E+01,   3.645000E+01,   1.000000E+00,   0.000000E+00,   0.000000E+00
       121, 3/21/2013, 2:39:03,   3.767931E+01,   3.666697E+01,   3.645000E+01,   1.000000E+00,   0.000000E+00,   0.000000E+00
       122, 3/21/2013, 2:39:03,   3.738233E+01,   3.665340E+01,   3.645000E+01,   1.000000E+00,   0.000000E+00,   0.000000E+00
       123, 3/21/2013, 2:39:03,   3.726069E+01,   3.663532E+01,   3.645000E+01,   1.000000E+00,   0.000000E+00,   0.000000E+00
       124, 3/21/2013, 2:39:04,   3.802107E+01,   3.661723E+01,   3.645000E+01,   1.000000E+00,   0.000000E+00,   0.000000E+00
       125, 3/21/2013, 2:39:04,   3.799089E+01,   3.660367E+01,   3.645000E+01,   1.000000E+00,   0.000000E+00,   0.000000E+00
       126, 3/21/2013, 2:39:04,   3.767982E+01,   3.658559E+01,   3.645000E+01,   1.000000E+00,   0.000000E+00,   0.000000E+00
       127, 3/21/2013, 2:39:05,   3.857918E+01,   3.655394E+01,   3.645000E+01,   1.000000E+00,   0.000000E+00,   0.000000E+00
       128, 3/21/2013, 2:39:05,   3.754550E+01,   3.654942E+01,   3.645000E+01,   1.000000E+00,   0.000000E+00,   0.000000E+00
       129, 3/21/2013, 2:39:05,   3.793447E+01,   3.651777E+01,   3.645000E+01,   1.000000E+00,   0.000000E+00,   0.000000E+00
       130, 3/21/2013, 2:39:05,   3.835540E+01,   3.651325E+01,   3.645000E+01,   1.000000E+00,   0.000000E+00,   0.000000E+00
       131, 3/21/2013, 2:39:06,   3.843206E+01,   3.648160E+01,   3.645000E+01,   1.000000E+00,   0.000000E+00,   0.000000E+00
       132, 3/21/2013, 2:39:06,   3.815583E+01,   3.647708E+01,   3.645000E+01,   1.000000E+00,   0.000000E+00,   0.000000E+00
       133, 3/21/2013, 2:39:06,   3.866836E+01,   3.647708E+01,   3.645000E+01,   1.000000E+00,   0.000000E+00,   0.000000E+00
       134, 3/21/2013, 2:39:06,   3.806769E+01,   3.645899E+01,   3.645000E+01,   1.000000E+00,   0.000000E+00,   0.000000E+00
       135, 3/21/2013, 2:39:07,   3.867297E+01,   3.644995E+01,   3.645000E+01,   1.000000E+00,   0.000000E+00,   0.000000E+00
       136, 3/21/2013, 2:39:07,   3.820696E+01,   3.644091E+01,   3.645000E+01,   1.000000E+00,   0.000000E+00,   0.000000E+00
       137, 3/21/2013, 2:39:07,   3.844441E+01,   3.642734E+01,   3.645000E+01,   1.000000E+00,   0.000000E+00,   0.000000E+00
       138, 3/21/2013, 2:39:07,   3.924425E+01,   3.641830E+01,   3.645000E+01,   1.000000E+00,   0.000000E+00,   0.000000E+00
       139, 3/21/2013, 2:39:08,   3.912652E+01,   3.640926E+01,   3.645000E+01,   1.000000E+00,   0.000000E+00,   0.000000E+00
       140, 3/21/2013, 2:39:08,   3.870831E+01,   3.639117E+01,   3.645000E+01,   1.000000E+00,   0.000000E+00,   0.000000E+00
       141, 3/21/2013, 2:39:08,   3.862431E+01,   3.638213E+01,   3.645000E+01,   1.000000E+00,   0.000000E+00,   0.000000E+00
       142, 3/21/2013, 2:39:08,   3.939388E+01,   3.637761E+01,   3.645000E+01,   1.000000E+00,   0.000000E+00,   0.000000E+00
       143, 3/21/2013, 2:39:09,   3.953157E+01,   3.635952E+01,   3.645000E+01,   1.000000E+00,   0.000000E+00,   0.000000E+00
       144, 3/21/2013, 2:39:09,   4.005610E+01,   3.634596E+01,   3.645000E+01,   1.000000E+00,   0.000000E+00,   0.000000E+00
       145, 3/21/2013, 2:39:09,   3.915689E+01,   3.633240E+01,   3.645000E+01,   1.000000E+00,   0.000000E+00,   0.000000E+00
       146, 3/21/2013, 2:39:09,   3.990306E+01,   3.632336E+01,   3.645000E+01,   1.000000E+00,   0.000000E+00,   0.000000E+00
       147, 3/21/2013, 2:39:10,   4.013548E+01,   3.631432E+01,   3.645000E+01,   1.000000E+00,   0.000000E+00,   0.000000E+00
       148, 3/21/2013, 2:39:10,   3.985075E+01,   3.629623E+01,   3.645000E+01,   1.000000E+00,   0.000000E+00,   0.000000E+00
       149, 3/21/2013, 2:39:10,   3.989315E+01,   3.629171E+01,   3.645000E+01,   1.000000E+00,   0.000000E+00,   0.000000E+00
       150, 3/21/2013, 2:39:10,   3.968725E+01,   3.629171E+01,   3.645000E+01,   1.000000E+00,   0.000000E+00,   0.000000E+00
       151, 3/21/2013, 2:39:11,   4.070557E+01,   3.627362E+01,   3.645000E+01,   1.000000E+00,   0.000000E+00,   0.000000E+00
       152, 3/21/2013, 2:39:11,   4.039980E+01,   3.626458E+01,   3.645000E+01,   1.000000E+00,   0.000000E+00,   0.000000E+00
       153, 3/21/2013, 2:39:11,   4.043178E+01,   3.626458E+01,   3.645000E+01,   1.000000E+00,   0.000000E+00,   0.000000E+00
       154, 3/21/2013, 2:39:11,   4.020039E+01,   3.626006E+01,   3.645000E+01,   1.000000E+00,   0.000000E+00,   0.000000E+00
       155, 3/21/2013, 2:39:12,   4.013386E+01,   3.625554E+01,   3.645000E+01,   1.000000E+00,   0.000000E+00,   0.000000E+00
       156, 3/21/2013, 2:39:12,   4.075579E+01,   3.625102E+01,   3.645000E+01,   1.000000E+00,   0.000000E+00,   0.000000E+00
       157, 3/21/2013, 2:39:12,   4.052735E+01,   3.624650E+01,   3.645000E+01,   1.000000E+00,   0.000000E+00,   0.000000E+00
       158, 3/21/2013, 2:39:12,   4.031536E+01,   3.623745E+01,   3.645000E+01,   1.000000E+00,   0.000000E+00,   0.000000E+00
       159, 3/21/2013, 2:39:13,   4.053628E+01,   3.622841E+01,   3.645000E+01,   1.000000E+00,   0.000000E+00,   0.000000E+00
       160, 3/21/2013, 2:39:13,   4.100805E+01,   3.623745E+01,   3.645000E+01,   1.000000E+00,   0.000000E+00,   0.000000E+00
       161, 3/21/2013, 2:39:13,   4.038265E+01,   3.623293E+01,   3.645000E+01,   1.000000E+00,   0.000000E+00,   0.000000E+00
       162, 3/21/2013, 2:39:14,   4.099271E+01,   3.621937E+01,   3.645000E+01,   1.000000E+00,   0.000000E+00,   0.000000E+00
       163, 3/21/2013, 2:39:14,   4.074790E+01,   3.621485E+01,   3.645000E+01,   1.000000E+00,   0.000000E+00,   0.000000E+00
       164, 3/21/2013, 2:39:14,   4.173282E+01,   3.620128E+01,   3.645000E+01,   1.000000E+00,   0.000000E+00,   0.000000E+00
       165, 3/21/2013, 2:39:14,   4.081285E+01,   3.621033E+01,   3.645000E+01,   1.000000E+00,   0.000000E+00,   0.000000E+00
       166, 3/21/2013, 2:39:14,   4.047048E+01,   3.621937E+01,   3.645000E+01,   1.000000E+00,   0.000000E+00,   0.000000E+00
       167, 3/21/2013, 2:39:15,   4.119671E+01,   3.620580E+01,   3.645000E+01,   1.000000E+00,   0.000000E+00,   0.000000E+00
       168, 3/21/2013, 2:39:15,   4.059829E+01,   3.621033E+01,   3.645000E+01,   1.000000E+00,   0.000000E+00,   0.000000E+00
       169, 3/21/2013, 2:39:15,   4.026869E+01,   3.621937E+01,   3.645000E+01,   1.000000E+00,   0.000000E+00,   0.000000E+00
       170, 3/21/2013, 2:39:16,   4.118456E+01,   3.622389E+01,   3.645000E+01,   1.000000E+00,   0.000000E+00,   0.000000E+00
       171, 3/21/2013, 2:39:16,   4.110253E+01,   3.621937E+01,   3.645000E+01,   1.000000E+00,   0.000000E+00,   0.000000E+00
       172, 3/21/2013, 2:39:16,   4.048782E+01,   3.622389E+01,   3.645000E+01,   1.000000E+00,   0.000000E+00,   0.000000E+00
       173, 3/21/2013, 2:39:16,   4.152647E+01,   3.621937E+01,   3.645000E+01,   1.000000E+00,   0.000000E+00,   0.000000E+00
       174, 3/21/2013, 2:39:17,   4.072830E+01,   3.621937E+01,   3.645000E+01,   1.000000E+00,   0.000000E+00,   0.000000E+00
       175, 3/21/2013, 2:39:17,   4.077791E+01,   3.622841E+01,   3.645000E+01,   1.000000E+00,   0.000000E+00,   0.000000E+00
       176, 3/21/2013, 2:39:17,   4.065508E+01,   3.623293E+01,   3.645000E+01,   1.000000E+00,   0.000000E+00,   0.000000E+00
       177, 3/21/2013, 2:39:17,   4.058716E+01,   3.622841E+01,   3.645000E+01,   1.000000E+00,   0.000000E+00,   0.000000E+00
       178, 3/21/2013, 2:39:18,   4.127996E+01,   3.622841E+01,   3.645000E+01,   1.000000E+00,   0.000000E+00,   0.000000E+00
       179, 3/21/2013, 2:39:18,   4.113148E+01,   3.622389E+01,   3.645000E+01,   1.000000E+00,   0.000000E+00,   0.000000E+00
       180, 3/21/2013, 2:39:18,   4.153376E+01,   3.622841E+01,   3.645000E+01,   1.000000E+00,   0.000000E+00,   0.000000E+00
       181, 3/21/2013, 2:39:18,   4.099910E+01,   3.622389E+01,   3.645000E+01,   1.000000E+00,   0.000000E+00,   0.000000E+00
       182, 3/21/2013, 2:39:19,   4.109674E+01,   3.622389E+01,   3.645000E+01,   1.000000E+00,   0.000000E+00,   0.000000E+00
       183, 3/21/2013, 2:39:19,   4.079081E+01,   3.623745E+01,   3.645000E+01,   1.000000E+00,   0.000000E+00,   0.000000E+00
       184, 3/21/2013, 2:39:19,   4.108703E+01,   3.624197E+01,   3.645000E+01,   1.000000E+00,   0.000000E+00,   0.000000E+00
       185, 3/21/2013, 2:39:19,   4.149845E+01,   3.623745E+01,   3.645000E+01,   1.000000E+00,   0.000000E+00,   0.000000E+00
       186, 3/21/2013, 2:39:20,   4.088468E+01,   3.626006E+01,   3.645000E+01,   1.000000E+00,   0.000000E+00,   0.000000E+00
       187, 3/21/2013, 2:39:20,   4.100595E+01,   3.626006E+01,   3.645000E+01,   1.000000E+00,   0.000000E+00,   0.000000E+00
       188, 3/21/2013, 2:39:20,   4.013095E+01,   3.626910E+01,   3.645000E+01,   1.000000E+00,   0.000000E+00,   0.000000E+00
       189, 3/21/2013, 2:39:20,   4.100142E+01,   3.626910E+01,   3.645000E+01,   1.000000E+00,   0.000000E+00,   0.000000E+00
       190, 3/21/2013, 2:39:21,   4.087606E+01,   3.626910E+01,   3.645000E+01,   1.000000E+00,   0.000000E+00,   0.000000E+00
       191, 3/21/2013, 2:39:21,   4.096045E+01,   3.627814E+01,   3.645000E+01,   1.000000E+00,   0.000000E+00,   0.000000E+00
       192, 3/21/2013, 2:39:21,   4.072346E+01,   3.628719E+01,   3.645000E+01,   1.000000E+00,   0.000000E+00,   0.000000E+00
       193, 3/21/2013, 2:39:21,   4.055368E+01,   3.627362E+01,   3.645000E+01,   1.000000E+00,   0.000000E+00,   0.000000E+00
       194, 3/21/2013, 2:39:22,   4.139059E+01,   3.628719E+01,   3.645000E+01,   1.000000E+00,   0.000000E+00,   0.000000E+00
       195, 3/21/2013, 2:39:22,   4.061941E+01,   3.627814E+01,   3.645000E+01,   1.000000E+00,   0.000000E+00,   0.000000E+00
       196, 3/21/2013, 2:39:22,   4.070893E+01,   3.630527E+01,   3.645000E+01,   1.000000E+00,   0.000000E+00,   0.000000E+00
       197, 3/21/2013, 2:39:22,   4.069462E+01,   3.630075E+01,   3.645000E+01,   1.000000E+00,   0.000000E+00,   0.000000E+00
       198, 3/21/2013, 2:39:23,   4.083518E+01,   3.630980E+01,   3.645000E+01,   1.000000E+00,   0.000000E+00,   0.000000E+00
       199, 3/21/2013, 2:39:23,   4.085774E+01,   3.631432E+01,   3.645000E+01,   1.000000E+00,   0.000000E+00,   0.000000E+00
       200, 3/21/2013, 2:39:23,   4.044102E+01,   3.633240E+01,   3.645000E+01,   1.000000E+00,   0.000000E+00,   0.000000E+00
       201, 3/21/2013, 2:39:23,   4.066069E+01,   3.631432E+01,   3.645000E+01,   1.000000E+00,   0.000000E+00,   0.000000E+00
       202, 3/21/2013, 2:39:24,   4.140698E+01,   3.631432E+01,   3.645000E+01,   1.000000E+00,   0.000000E+00,   0.000000E+00
       203, 3/21/2013, 2:39:24,   4.090062E+01,   3.633692E+01,   3.645000E+01,   1.000000E+00,   0.000000E+00,   0.000000E+00
       204, 3/21/2013, 2:39:24,   4.049689E+01,   3.634144E+01,   3.645000E+01,   1.000000E+00,   0.000000E+00,   0.000000E+00
       205, 3/21/2013, 2:39:25,   4.098102E+01,   3.634144E+01,   3.645000E+01,   1.000000E+00,   0.000000E+00,   0.000000E+00
       206, 3/21/2013, 2:39:25,   4.062755E+01,   3.634596E+01,   3.645000E+01,   1.000000E+00,   0.000000E+00,   0.000000E+00
       207, 3/21/2013, 2:39:25,   4.018710E+01,   3.635952E+01,   3.645000E+01,   1.000000E+00,   0.000000E+00,   0.000000E+00
       208, 3/21/2013, 2:39:25,   4.091196E+01,   3.635952E+01,   3.645000E+01,   1.000000E+00,   0.000000E+00,   0.000000E+00
       209, 3/21/2013, 2:39:26,   4.021973E+01,   3.636857E+01,   3.645000E+01,   1.000000E+00,   0.000000E+00,   0.000000E+00
       210, 3/21/2013, 2:39:26,   4.089732E+01,   3.636405E+01,   3.645000E+01,   1.000000E+00,   0.000000E+00,   0.000000E+00
       211, 3/21/2013, 2:39:26,   4.096988E+01,   3.637761E+01,   3.645000E+01,   1.000000E+00,   0.000000E+00,   0.000000E+00
       212, 3/21/2013, 2:39:26,   4.054248E+01,   3.637761E+01,   3.645000E+01,   1.000000E+00,   0.000000E+00,   0.000000E+00
       213, 3/21/2013, 2:39:27,   4.063431E+01,   3.638665E+01,   3.645000E+01,   1.000000E+00,   0.000000E+00,   0.000000E+00
       214, 3/21/2013, 2:39:27,   4.064486E+01,   3.639117E+01,   3.645000E+01,   1.000000E+00,   0.000000E+00,   0.000000E+00
       215, 3/21/2013, 2:39:27,   3.985801E+01,   3.639569E+01,   3.645000E+01,   1.000000E+00,   0.000000E+00,   0.000000E+00
       216, 3/21/2013, 2:39:27,   4.016869E+01,   3.640474E+01,   3.645000E+01,   1.000000E+00,   0.000000E+00,   0.000000E+00
       217, 3/21/2013, 2:39:28,   4.072055E+01,   3.640022E+01,   3.645000E+01,   1.000000E+00,   0.000000E+00,   0.000000E+00
       218, 3/21/2013, 2:39:28,   3.981758E+01,   3.640926E+01,   3.645000E+01,   1.000000E+00,   0.000000E+00,   0.000000E+00
       219, 3/21/2013, 2:39:28,   4.085362E+01,   3.640926E+01,   3.645000E+01,   1.000000E+00,   0.000000E+00,   0.000000E+00
       220, 3/21/2013, 2:39:28,   4.050408E+01,   3.641378E+01,   3.645000E+01,   1.000000E+00,   0.000000E+00,   0.000000E+00
       221, 3/21/2013, 2:39:29,   4.007973E+01,   3.642734E+01,   3.645000E+01,   1.000000E+00,   0.000000E+00,   0.000000E+00
       222, 3/21/2013, 2:39:29,   4.018498E+01,   3.643187E+01,   3.645000E+01,   1.000000E+00,   0.000000E+00,   0.000000E+00
       223, 3/21/2013, 2:39:29,   3.975909E+01,   3.644091E+01,   3.645000E+01,   1.000000E+00,   0.000000E+00,   0.000000E+00
       224, 3/21/2013, 2:39:29,   3.937092E+01,   3.644995E+01,   3.645000E+01,   1.000000E+00,   0.000000E+00,   0.000000E+00
       225, 3/21/2013, 2:39:30,   3.985366E+01,   3.644543E+01,   3.645000E+01,   1.000000E+00,   0.000000E+00,   0.000000E+00
       226, 3/21/2013, 2:39:30,   3.963746E+01,   3.645447E+01,   3.645000E+01,   1.000000E+00,   0.000000E+00,   0.000000E+00
       227, 3/21/2013, 2:39:30,   4.004079E+01,   3.645447E+01,   3.645000E+01,   1.000000E+00,   0.000000E+00,   0.000000E+00
       228, 3/21/2013, 2:39:30,   3.953456E+01,   3.646351E+01,   3.645000E+01,   1.000000E+00,   0.000000E+00,   0.000000E+00
       229, 3/21/2013, 2:39:31,   3.953770E+01,   3.648160E+01,   3.645000E+01,   1.000000E+00,   0.000000E+00,   0.000000E+00
       230, 3/21/2013, 2:39:31,   3.920056E+01,   3.647708E+01,   3.645000E+01,   1.000000E+00,   0.000000E+00,   0.000000E+00
       231, 3/21/2013, 2:39:31,   3.944192E+01,   3.647708E+01,   3.645000E+01,   1.000000E+00,   0.000000E+00,   0.000000E+00
       232, 3/21/2013, 2:39:31,   3.939347E+01,   3.648160E+01,   3.645000E+01,   1.000000E+00,   0.000000E+00,   0.000000E+00
       233, 3/21/2013, 2:39:32,   3.950064E+01,   3.648612E+01,   3.645000E+01,   1.000000E+00,   0.000000E+00,   0.000000E+00
       234, 3/21/2013, 2:39:32,   4.001659E+01,   3.649064E+01,   3.645000E+01,   1.000000E+00,   0.000000E+00,   0.000000E+00
       235, 3/21/2013, 2:39:32,   3.972577E+01,   3.649516E+01,   3.645000E+01,   1.000000E+00,   0.000000E+00,   0.000000E+00
       236, 3/21/2013, 2:39:32,   3.933834E+01,   3.649064E+01,   3.645000E+01,   1.000000E+00,   0.000000E+00,   0.000000E+00
       237, 3/21/2013, 2:39:33,   4.004268E+01,   3.649064E+01,   3.645000E+01,   1.000000E+00,   0.000000E+00,   0.000000E+00
       238, 3/21/2013, 2:39:33,   3.997215E+01,   3.649968E+01,   3.645000E+01,   1.000000E+00,   0.000000E+00,   0.000000E+00
       239, 3/21/2013, 2:39:33,   3.874037E+01,   3.651325E+01,   3.645000E+01,   1.000000E+00,   0.000000E+00,   0.000000E+00
       240, 3/21/2013, 2:39:33,   3.885745E+01,   3.650873E+01,   3.645000E+01,   1.000000E+00,   0.000000E+00,   0.000000E+00
       241, 3/21/2013, 2:39:34,   3.889258E+01,   3.649968E+01,   3.645000E+01,   1.000000E+00,   0.000000E+00,   0.000000E+00
       242, 3/21/2013, 2:39:34,   3.973379E+01,   3.650421E+01,   3.645000E+01,   1.000000E+00,   0.000000E+00,   0.000000E+00
       243, 3/21/2013, 2:39:34,   3.999357E+01,   3.650873E+01,   3.645000E+01,   1.000000E+00,   0.000000E+00,   0.000000E+00
       244, 3/21/2013, 2:39:34,   3.983279E+01,   3.650873E+01,   3.645000E+01,   1.000000E+00,   0.000000E+00,   0.000000E+00
       245, 3/21/2013, 2:39:35,   3.942752E+01,   3.651325E+01,   3.645000E+01,   1.000000E+00,   0.000000E+00,   0.000000E+00
       246, 3/21/2013, 2:39:35,   3.975674E+01,   3.650873E+01,   3.645000E+01,   1.000000E+00,   0.000000E+00,   0.000000E+00
       247, 3/21/2013, 2:39:35,   3.904632E+01,   3.650873E+01,   3.645000E+01,   1.000000E+00,   0.000000E+00,   0.000000E+00
       248, 3/21/2013, 2:39:36,   3.909431E+01,   3.651777E+01,   3.645000E+01,   1.000000E+00,   0.000000E+00,   0.000000E+00
       249, 3/21/2013, 2:39:36,   3.861782E+01,   3.652229E+01,   3.645000E+01,   1.000000E+00,   0.000000E+00,   0.000000E+00
       250, 3/21/2013, 2:39:36,   3.943747E+01,   3.651325E+01,   3.645000E+01,   1.000000E+00,   0.000000E+00,   0.000000E+00
       251, 3/21/2013, 2:39:36,   3.989847E+01,   3.651777E+01,   3.645000E+01,   1.000000E+00,   0.000000E+00,   0.000000E+00
       252, 3/21/2013, 2:39:37,   3.930160E+01,   3.650873E+01,   3.645000E+01,   1.000000E+00,   0.000000E+00,   0.000000E+00
       253, 3/21/2013, 2:39:37,   3.949437E+01,   3.653133E+01,   3.645000E+01,   1.000000E+00,   0.000000E+00,   0.000000E+00
       254, 3/21/2013, 2:39:37,   3.865645E+01,   3.652229E+01,   3.645000E+01,   1.000000E+00,   0.000000E+00,   0.000000E+00
       255, 3/21/2013, 2:39:37,   4.004314E+01,   3.652681E+01,   3.645000E+01,   1.000000E+00,   0.000000E+00,   0.000000E+00
       256, 3/21/2013, 2:39:38,   3.939278E+01,   3.650873E+01,   3.645000E+01,   1.000000E+00,   0.000000E+00,   0.000000E+00
       257, 3/21/2013, 2:39:38,   3.889505E+01,   3.651777E+01,   3.645000E+01,   1.000000E+00,   0.000000E+00,   0.000000E+00
       258, 3/21/2013, 2:39:38,   3.922321E+01,   3.653133E+01,   3.645000E+01,   1.000000E+00,   0.000000E+00,   0.000000E+00
       259, 3/21/2013, 2:39:38,   3.871360E+01,   3.652681E+01,   3.645000E+01,   1.000000E+00,   0.000000E+00,   0.000000E+00
       260, 3/21/2013, 2:39:39,   3.890665E+01,   3.654490E+01,   3.645000E+01,   1.000000E+00,   0.000000E+00,   0.000000E+00
       261, 3/21/2013, 2:39:39,   3.915981E+01,   3.654490E+01,   3.645000E+01,   1.000000E+00,   0.000000E+00,   0.000000E+00
       262, 3/21/2013, 2:39:39,   3.819477E+01,   3.653133E+01,   3.645000E+01,   1.000000E+00,   0.000000E+00,   0.000000E+00
       263, 3/21/2013, 2:39:39,   3.921257E+01,   3.653133E+01,   3.645000E+01,   1.000000E+00,   0.000000E+00,   0.000000E+00
       264, 3/21/2013, 2:39:40,   3.882072E+01,   3.653585E+01,   3.645000E+01,   1.000000E+00,   0.000000E+00,   0.000000E+00
       265, 3/21/2013, 2:39:40,   3.861864E+01,   3.653585E+01,   3.645000E+01,   1.000000E+00,   0.000000E+00,   0.000000E+00
       266, 3/21/2013, 2:39:40,   3.938622E+01,   3.652681E+01,   3.645000E+01,   1.000000E+00,   0.000000E+00,   0.000000E+00
       267, 3/21/2013, 2:39:41,   3.888369E+01,   3.652681E+01,   3.645000E+01,   1.000000E+00,   0.000000E+00,   0.000000E+00
       268, 3/21/2013, 2:39:41,   3.890372E+01,   3.654037E+01,   3.645000E+01,   1.000000E+00,   0.000000E+00,   0.000000E+00
       269, 3/21/2013, 2:39:41,   3.871259E+01,   3.654037E+01,   3.645000E+01,   1.000000E+00,   0.000000E+00,   0.000000E+00
       270, 3/21/2013, 2:39:41,   3.892637E+01,   3.653133E+01,   3.645000E+01,   1.000000E+00,   0.000000E+00,   0.000000E+00
       271, 3/21/2013, 2:39:42,   3.794226E+01,   3.654942E+01,   3.645000E+01,   1.000000E+00,   0.000000E+00,   0.000000E+00
       272, 3/21/2013, 2:39:42,   3.845204E+01,   3.653585E+01,   3.645000E+01,   1.000000E+00,   0.000000E+00,   0.000000E+00
       273, 3/21/2013, 2:39:42,   3.856730E+01,   3.653133E+01,   3.645000E+01,   1.000000E+00,   0.000000E+00,   0.000000E+00
       274, 3/21/2013, 2:39:42,   3.940828E+01,   3.653585E+01,   3.645000E+01,   1.000000E+00,   0.000000E+00,   0.000000E+00
       275, 3/21/2013, 2:39:43,   3.904309E+01,   3.653585E+01,   3.645000E+01,   1.000000E+00,   0.000000E+00,   0.000000E+00
       276, 3/21/2013, 2:39:43,   3.828524E+01,   3.653585E+01,   3.645000E+01,   1.000000E+00,   0.000000E+00,   0.000000E+00
       277, 3/21/2013, 2:39:43,   3.877793E+01,   3.654037E+01,   3.645000E+01,   1.000000E+00,   0.000000E+00,   0.000000E+00
       278, 3/21/2013, 2:39:43,   3.886771E+01,   3.654490E+01,   3.645000E+01,   1.000000E+00,   0.000000E+00,   0.000000E+00
       279, 3/21/2013, 2:39:44,   3.925454E+01,   3.652681E+01,   3.645000E+01,   1.000000E+00,   0.000000E+00,   0.000000E+00
       280, 3/21/2013, 2:39:44,   3.932774E+01,   3.652681E+01,   3.645000E+01,   1.000000E+00,   0.000000E+00,   0.000000E+00
       281, 3/21/2013, 2:39:44,   3.938206E+01,   3.651777E+01,   3.645000E+01,   1.000000E+00,   0.000000E+00,   0.000000E+00
       282, 3/21/2013, 2:39:44,   3.874071E+01,   3.652229E+01,   3.645000E+01,   1.000000E+00,   0.000000E+00,   0.000000E+00
       283, 3/21/2013, 2:39:45,   3.953663E+01,   3.651777E+01,   3.645000E+01,   1.000000E+00,   0.000000E+00,   0.000000E+00
       284, 3/21/2013, 2:39:45,   3.874616E+01,   3.651325E+01,   3.645000E+01,   1.000000E+00,   0.000000E+00,   0.000000E+00
       285, 3/21/2013, 2:39:45,   3.876206E+01,   3.651325E+01,   3.645000E+01,   1.000000E+00,   0.000000E+00,   0.000000E+00
       286, 3/21/2013, 2:39:45,   3.917032E+01,   3.650873E+01,   3.645000E+01,   1.000000E+00,   0.000000E+00,   0.000000E+00
       287, 3/21/2013, 2:39:46,   3.884505E+01,   3.650873E+01,   3.645000E+01,   1.000000E+00,   0.000000E+00,   0.000000E+00
       288, 3/21/2013, 2:39:46,   3.975983E+01,   3.649968E+01,   3.645000E+01,   1.000000E+00,   0.000000E+00,   0.000000E+00
       289, 3/21/2013, 2:39:46,   3.914311E+01,   3.650421E+01,   3.645000E+01,   1.000000E+00,   0.000000E+00,   0.000000E+00
       290, 3/21/2013, 2:39:46,   3.965523E+01,   3.648612E+01,   3.645000E+01,   1.000000E+00,   0.000000E+00,   0.000000E+00
       291, 3/21/2013, 2:39:47,   3.901998E+01,   3.649968E+01,   3.645000E+01,   1.000000E+00,   0.000000E+00,   0.000000E+00
       292, 3/21/2013, 2:39:47,   3.913110E+01,   3.648160E+01,   3.645000E+01,   1.000000E+00,   0.000000E+00,   0.000000E+00
       293, 3/21/2013, 2:39:47,   3.914494E+01,   3.649064E+01,   3.645000E+01,   1.000000E+00,   0.000000E+00,   0.000000E+00
       294, 3/21/2013, 2:39:47,   3.936567E+01,   3.648612E+01,   3.645000E+01,   1.000000E+00,   0.000000E+00,   0.000000E+00
       295, 3/21/2013, 2:39:48,   3.997410E+01,   3.647708E+01,   3.645000E+01,   1.000000E+00,   0.000000E+00,   0.000000E+00
       296, 3/21/2013, 2:39:48,   3.908733E+01,   3.647708E+01,   3.645000E+01,   1.000000E+00,   0.000000E+00,   0.000000E+00
       297, 3/21/2013, 2:39:48,   3.853103E+01,   3.649064E+01,   3.645000E+01,   1.000000E+00,   0.000000E+00,   0.000000E+00
       298, 3/21/2013, 2:39:48,   3.920637E+01,   3.648612E+01,   3.645000E+01,   1.000000E+00,   0.000000E+00,   0.000000E+00
       299, 3/21/2013, 2:39:49,   3.896401E+01,   3.647708E+01,   3.645000E+01,   1.000000E+00,   0.000000E+00,   0.000000E+00
       300, 3/21/2013, 2:39:49,   3.976745E+01,   3.646804E+01,   3.645000E+01,   1.000000E+00,   0.000000E+00,   0.000000E+00
       301, 3/21/2013, 2:39:49,   3.903976E+01,   3.648160E+01,   3.645000E+01,   1.000000E+00,   0.000000E+00,   0.000000E+00
       302, 3/21/2013, 2:39:49,   3.904636E+01,   3.645899E+01,   3.645000E+01,   1.000000E+00,   0.000000E+00,   0.000000E+00
       303, 3/21/2013, 2:39:50,   3.999362E+01,   3.646351E+01,   3.645000E+01,   1.000000E+00,   0.000000E+00,   0.000000E+00
       304, 3/21/2013, 2:39:50,   3.929810E+01,   3.645899E+01,   3.645000E+01,   1.000000E+00,   0.000000E+00,   0.000000E+00
       305, 3/21/2013, 2:39:50,   3.867583E+01,   3.645447E+01,   3.645000E+01,   1.000000E+00,   0.000000E+00,   0.000000E+00
       306, 3/21/2013, 2:39:51,   3.978772E+01,   3.645447E+01,   3.645000E+01,   1.000000E+00,   0.000000E+00,   0.000000E+00
       307, 3/21/2013, 2:39:51,   3.938546E+01,   3.644995E+01,   3.645000E+01,   1.000000E+00,   0.000000E+00,   0.000000E+00
       308, 3/21/2013, 2:39:51,   3.931884E+01,   3.645447E+01,   3.645000E+01,   1.000000E+00,   0.000000E+00,   0.000000E+00
       309, 3/21/2013, 2:39:51,   4.046175E+01,   3.643639E+01,   3.645000E+01,   1.000000E+00,   0.000000E+00,   0.000000E+00
       310, 3/21/2013, 2:39:52,   3.855733E+01,   3.644543E+01,   3.645000E+01,   1.000000E+00,   0.000000E+00,   0.000000E+00
       311, 3/21/2013, 2:39:52,   3.949957E+01,   3.644543E+01,   3.645000E+01,   1.000000E+00,   0.000000E+00,   0.000000E+00
       312, 3/21/2013, 2:39:52,   3.893921E+01,   3.644995E+01,   3.645000E+01,   1.000000E+00,   0.000000E+00,   0.000000E+00
       313, 3/21/2013, 2:39:52,   3.966174E+01,   3.644543E+01,   3.645000E+01,   1.000000E+00,   0.000000E+00,   0.000000E+00
       314, 3/21/2013, 2:39:53,   3.950862E+01,   3.643639E+01,   3.645000E+01,   1.000000E+00,   0.000000E+00,   0.000000E+00
       315, 3/21/2013, 2:39:53,   4.021598E+01,   3.643187E+01,   3.645000E+01,   1.000000E+00,   0.000000E+00,   0.000000E+00
       316, 3/21/2013, 2:39:53,   3.970054E+01,   3.643639E+01,   3.645000E+01,   1.000000E+00,   0.000000E+00,   0.000000E+00
       317, 3/21/2013, 2:39:53,   3.903702E+01,   3.644091E+01,   3.645000E+01,   1.000000E+00,   0.000000E+00,   0.000000E+00
       318, 3/21/2013, 2:39:54,   3.903521E+01,   3.644091E+01,   3.645000E+01,   1.000000E+00,   0.000000E+00,   0.000000E+00
       319, 3/21/2013, 2:39:54,   3.918157E+01,   3.644995E+01,   3.645000E+01,   1.000000E+00,   0.000000E+00,   0.000000E+00
       320, 3/21/2013, 2:39:54,   3.910180E+01,   3.644995E+01,   3.645000E+01,   1.000000E+00,   0.000000E+00,   0.000000E+00
       321, 3/21/2013, 2:39:54,   3.926241E+01,   3.645447E+01,   3.645000E+01,   1.000000E+00,   0.000000E+00,   0.000000E+00
       322, 3/21/2013, 2:39:55,   3.960762E+01,   3.643639E+01,   3.645000E+01,   1.000000E+00,   0.000000E+00,   0.000000E+00
       323, 3/21/2013, 2:39:55,   3.933955E+01,   3.644091E+01,   3.645000E+01,   1.000000E+00,   0.000000E+00,   0.000000E+00
       324, 3/21/2013, 2:39:55,   3.931635E+01,   3.644543E+01,   3.645000E+01,   1.000000E+00,   0.000000E+00,   0.000000E+00
       325, 3/21/2013, 2:39:55,   3.950230E+01,   3.643639E+01,   3.645000E+01,   1.000000E+00,   0.000000E+00,   0.000000E+00
       326, 3/21/2013, 2:39:56,   4.008559E+01,   3.644091E+01,   3.645000E+01,   1.000000E+00,   0.000000E+00,   0.000000E+00
       327, 3/21/2013, 2:39:56,   3.949355E+01,   3.642282E+01,   3.645000E+01,   1.000000E+00,   0.000000E+00,   0.000000E+00
       328, 3/21/2013, 2:39:56,   3.979003E+01,   3.643187E+01,   3.645000E+01,   1.000000E+00,   0.000000E+00,   0.000000E+00
       329, 3/21/2013, 2:39:56,   3.930059E+01,   3.643639E+01,   3.645000E+01,   1.000000E+00,   0.000000E+00,   0.000000E+00
       330, 3/21/2013, 2:39:57,   3.938788E+01,   3.643187E+01,   3.645000E+01,   1.000000E+00,   0.000000E+00,   0.000000E+00
       331, 3/21/2013, 2:39:57,   3.943547E+01,   3.642734E+01,   3.645000E+01,   1.000000E+00,   0.000000E+00,   0.000000E+00
       332, 3/21/2013, 2:39:57,   4.010767E+01,   3.642282E+01,   3.645000E+01,   1.000000E+00,   0.000000E+00,   0.000000E+00
       333, 3/21/2013, 2:39:57,   3.957261E+01,   3.642282E+01,   3.645000E+01,   1.000000E+00,   0.000000E+00,   0.000000E+00
       334, 3/21/2013, 2:39:58,   4.005770E+01,   3.642282E+01,   3.645000E+01,   1.000000E+00,   0.000000E+00,   0.000000E+00
       335, 3/21/2013, 2:39:58,   3.956171E+01,   3.642282E+01,   3.645000E+01,   1.000000E+00,   0.000000E+00,   0.000000E+00
       336, 3/21/2013, 2:39:58,   3.977207E+01,   3.642282E+01,   3.645000E+01,   1.000000E+00,   0.000000E+00,   0.000000E+00
       337, 3/21/2013, 2:39:58,   3.972183E+01,   3.642282E+01,   3.645000E+01,   1.000000E+00,   0.000000E+00,   0.000000E+00
       338, 3/21/2013, 2:39:59,   3.969770E+01,   3.641830E+01,   3.645000E+01,   1.000000E+00,   0.000000E+00,   0.000000E+00
       339, 3/21/2013, 2:39:59,   4.016032E+01,   3.641378E+01,   3.645000E+01,   1.000000E+00,   0.000000E+00,   0.000000E+00
       340, 3/21/2013, 2:39:59,   3.983788E+01,   3.640926E+01,   3.645000E+01,   1.000000E+00,   0.000000E+00,   0.000000E+00
       341, 3/21/2013, 2:39:59,   3.994936E+01,   3.640926E+01,   3.645000E+01,   1.000000E+00,   0.000000E+00,   0.000000E+00
       342, 3/21/2013, 2:40:00,   4.018002E+01,   3.640926E+01,   3.645000E+01,   1.000000E+00,   0.000000E+00,   0.000000E+00
       343, 3/21/2013, 2:40:00,   3.967448E+01,   3.641830E+01,   3.645000E+01,   1.000000E+00,   0.000000E+00,   0.000000E+00
       344, 3/21/2013, 2:40:00,   4.020184E+01,   3.641378E+01,   3.645000E+01,   1.000000E+00,   0.000000E+00,   0.000000E+00
       345, 3/21/2013, 2:40:00,   3.988667E+01,   3.640926E+01,   3.645000E+01,   1.000000E+00,   0.000000E+00,   0.000000E+00
       346, 3/21/2013, 2:40:01,   3.987002E+01,   3.640474E+01,   3.645000E+01,   1.000000E+00,   0.000000E+00,   0.000000E+00
       347, 3/21/2013, 2:40:01,   4.002297E+01,   3.639569E+01,   3.645000E+01,   1.000000E+00,   0.000000E+00,   0.000000E+00
       348, 3/21/2013, 2:40:01,   3.980955E+01,   3.640474E+01,   3.645000E+01,   1.000000E+00,   0.000000E+00,   0.000000E+00
       349, 3/21/2013, 2:40:02,   4.048854E+01,   3.640926E+01,   3.645000E+01,   1.000000E+00,   0.000000E+00,   0.000000E+00
       350, 3/21/2013, 2:40:02,   3.947740E+01,   3.640926E+01,   3.645000E+01,   1.000000E+00,   0.000000E+00,   0.000000E+00
       351, 3/21/2013, 2:40:02,   3.999436E+01,   3.640474E+01,   3.645000E+01,   1.000000E+00,   0.000000E+00,   0.000000E+00
       352, 3/21/2013, 2:40:02,   3.994272E+01,   3.640926E+01,   3.645000E+01,   1.000000E+00,   0.000000E+00,   0.000000E+00
       353, 3/21/2013, 2:40:03,   3.963203E+01,   3.639569E+01,   3.645000E+01,   1.000000E+00,   0.000000E+00,   0.000000E+00
       354, 3/21/2013, 2:40:03,   4.039515E+01,   3.641378E+01,   3.645000E+01,   1.000000E+00,   0.000000E+00,   0.000000E+00
       355, 3/21/2013, 2:40:03,   3.999949E+01,   3.641378E+01,   3.645000E+01,   1.000000E+00,   0.000000E+00,   0.000000E+00
       356, 3/21/2013, 2:40:03,   3.949635E+01,   3.641378E+01,   3.645000E+01,   1.000000E+00,   0.000000E+00,   0.000000E+00
       357, 3/21/2013, 2:40:04,   3.967270E+01,   3.640926E+01,   3.645000E+01,   1.000000E+00,   0.000000E+00,   0.000000E+00
       358, 3/21/2013, 2:40:04,   4.039924E+01,   3.641830E+01,   3.645000E+01,   1.000000E+00,   0.000000E+00,   0.000000E+00
       359, 3/21/2013, 2:40:04,   3.927919E+01,   3.642282E+01,   3.645000E+01,   1.000000E+00,   0.000000E+00,   0.000000E+00
       360, 3/21/2013, 2:40:04,   4.002047E+01,   3.642282E+01,   3.645000E+01,   1.000000E+00,   0.000000E+00,   0.000000E+00
       361, 3/21/2013, 2:40:05,   3.981790E+01,   3.643187E+01,   3.645000E+01,   1.000000E+00,   0.000000E+00,   0.000000E+00
       362, 3/21/2013, 2:40:05,   3.986017E+01,   3.643639E+01,   3.645000E+01,   1.000000E+00,   0.000000E+00,   0.000000E+00
       363, 3/21/2013, 2:40:05,   3.971223E+01,   3.642734E+01,   3.645000E+01,   1.000000E+00,   0.000000E+00,   0.000000E+00
       364, 3/21/2013, 2:40:05,   3.963215E+01,   3.642734E+01,   3.645000E+01,   1.000000E+00,   0.000000E+00,   0.000000E+00
       365, 3/21/2013, 2:40:06,   3.989648E+01,   3.643187E+01,   3.645000E+01,   1.000000E+00,   0.000000E+00,   0.000000E+00
       366, 3/21/2013, 2:40:06,   3.926128E+01,   3.642734E+01,   3.645000E+01,   1.000000E+00,   0.000000E+00,   0.000000E+00
       367, 3/21/2013, 2:40:06,   3.977544E+01,   3.642734E+01,   3.645000E+01,   1.000000E+00,   0.000000E+00,   0.000000E+00
       368, 3/21/2013, 2:40:06,   3.947341E+01,   3.644091E+01,   3.645000E+01,   1.000000E+00,   0.000000E+00,   0.000000E+00
       369, 3/21/2013, 2:40:07,   3.897771E+01,   3.643639E+01,   3.645000E+01,   1.000000E+00,   0.000000E+00,   0.000000E+00
       370, 3/21/2013, 2:40:07,   3.972767E+01,   3.644995E+01,   3.645000E+01,   1.000000E+00,   0.000000E+00,   0.000000E+00
       371, 3/21/2013, 2:40:07,   3.940807E+01,   3.643639E+01,   3.645000E+01,   1.000000E+00,   0.000000E+00,   0.000000E+00
       372, 3/21/2013, 2:40:07,   3.984791E+01,   3.644995E+01,   3.645000E+01,   1.000000E+00,   0.000000E+00,   0.000000E+00
       373, 3/21/2013, 2:40:08,   3.915776E+01,   3.644543E+01,   3.645000E+01,   1.000000E+00,   0.000000E+00,   0.000000E+00
       374, 3/21/2013, 2:40:08,   3.927614E+01,   3.644995E+01,   3.645000E+01,   1.000000E+00,   0.000000E+00,   0.000000E+00
       375, 3/21/2013, 2:40:08,   3.958869E+01,   3.644995E+01,   3.645000E+01,   1.000000E+00,   0.000000E+00,   0.000000E+00
       376, 3/21/2013, 2:40:08,   3.945018E+01,   3.644543E+01,   3.645000E+01,   1.000000E+00,   0.000000E+00,   0.000000E+00
       377, 3/21/2013, 2:40:09,   3.968075E+01,   3.645899E+01,   3.645000E+01,   1.000000E+00,   0.000000E+00,   0.000000E+00
       378, 3/21/2013, 2:40:09,   3.954886E+01,   3.644995E+01,   3.645000E+01,   1.000000E+00,   0.000000E+00,   0.000000E+00
       379, 3/21/2013, 2:40:09,   3.941748E+01,   3.646351E+01,   3.645000E+01,   1.000000E+00,   0.000000E+00,   0.000000E+00
       380, 3/21/2013, 2:40:10,   3.933668E+01,   3.645899E+01,   3.645000E+01,   1.000000E+00,   0.000000E+00,   0.000000E+00
       381, 3/21/2013, 2:40:10,   3.928276E+01,   3.645447E+01,   3.645000E+01,   1.000000E+00,   0.000000E+00,   0.000000E+00
       382, 3/21/2013, 2:40:10,   3.924239E+01,   3.645447E+01,   3.645000E+01,   1.000000E+00,   0.000000E+00,   0.000000E+00
       383, 3/21/2013, 2:40:10,   3.965247E+01,   3.645899E+01,   3.645000E+01,   1.000000E+00,   0.000000E+00,   0.000000E+00
       384, 3/21/2013, 2:40:10,   3.914343E+01,   3.645899E+01,   3.645000E+01,   1.000000E+00,   0.000000E+00,   0.000000E+00
       385, 3/21/2013, 2:40:11,   3.959080E+01,   3.645447E+01,   3.645000E+01,   1.000000E+00,   0.000000E+00,   0.000000E+00
       386, 3/21/2013, 2:40:11,   3.909760E+01,   3.647708E+01,   3.645000E+01,   1.000000E+00,   0.000000E+00,   0.000000E+00
       387, 3/21/2013, 2:40:11,   3.911818E+01,   3.646351E+01,   3.645000E+01,   1.000000E+00,   0.000000E+00,   0.000000E+00
       388, 3/21/2013, 2:40:12,   3.954508E+01,   3.645447E+01,   3.645000E+01,   1.000000E+00,   0.000000E+00,   0.000000E+00
       389, 3/21/2013, 2:40:12,   3.967783E+01,   3.645899E+01,   3.645000E+01,   1.000000E+00,   0.000000E+00,   0.000000E+00
       390, 3/21/2013, 2:40:12,   3.975821E+01,   3.645899E+01,   3.645000E+01,   1.000000E+00,   0.000000E+00,   0.000000E+00
       391, 3/21/2013, 2:40:12,   3.997601E+01,   3.645447E+01,   3.645000E+01,   1.000000E+00,   0.000000E+00,   0.000000E+00
       392, 3/21/2013, 2:40:13,   3.947415E+01,   3.645899E+01,   3.645000E+01,   1.000000E+00,   0.000000E+00,   0.000000E+00
       393, 3/21/2013, 2:40:13,   3.902855E+01,   3.646804E+01,   3.645000E+01,   1.000000E+00,   0.000000E+00,   0.000000E+00
       394, 3/21/2013, 2:40:13,   3.860143E+01,   3.646351E+01,   3.645000E+01,   1.000000E+00,   0.000000E+00,   0.000000E+00
       395, 3/21/2013, 2:40:13,   4.006334E+01,   3.646351E+01,   3.645000E+01,   1.000000E+00,   0.000000E+00,   0.000000E+00
       396, 3/21/2013, 2:40:14,   3.915497E+01,   3.647256E+01,   3.645000E+01,   1.000000E+00,   0.000000E+00,   0.000000E+00
       397, 3/21/2013, 2:40:14,   3.957505E+01,   3.645447E+01,   3.645000E+01,   1.000000E+00,   0.000000E+00,   0.000000E+00
       398, 3/21/2013, 2:40:14,   4.044832E+01,   3.647256E+01,   3.645000E+01,   1.000000E+00,   0.000000E+00,   0.000000E+00
       399, 3/21/2013, 2:40:14,   3.898864E+01,   3.646351E+01,   3.645000E+01,   1.000000E+00,   0.000000E+00,   0.000000E+00
       400, 3/21/2013, 2:40:15,   3.900896E+01,   3.646351E+01,   3.645000E+01,   1.000000E+00,   0.000000E+00,   0.000000E+00
       401, 3/21/2013, 2:40:15,   3.932222E+01,   3.647256E+01,   3.645000E+01,   1.000000E+00,   0.000000E+00,   0.000000E+00
       402, 3/21/2013, 2:40:15,   3.981303E+01,   3.648160E+01,   3.645000E+01,   1.000000E+00,   0.000000E+00,   0.000000E+00
       403, 3/21/2013, 2:40:15,   3.918740E+01,   3.647708E+01,   3.645000E+01,   1.000000E+00,   0.000000E+00,   0.000000E+00
       404, 3/21/2013, 2:40:16,   3.971403E+01,   3.647708E+01,   3.645000E+01,   1.000000E+00,   0.000000E+00,   0.000000E+00
       405, 3/21/2013, 2:40:16,   3.939305E+01,   3.646804E+01,   3.645000E+01,   1.000000E+00,   0.000000E+00,   0.000000E+00
       406, 3/21/2013, 2:40:16,   3.905347E+01,   3.646804E+01,   3.645000E+01,   1.000000E+00,   0.000000E+00,   0.000000E+00
       407, 3/21/2013, 2:40:16,   4.045094E+01,   3.645447E+01,   3.645000E+01,   1.000000E+00,   0.000000E+00,   0.000000E+00
       408, 3/21/2013, 2:40:17,   3.905498E+01,   3.645899E+01,   3.645000E+01,   1.000000E+00,   0.000000E+00,   0.000000E+00
       409, 3/21/2013, 2:40:17,   3.935197E+01,   3.646804E+01,   3.645000E+01,   1.000000E+00,   0.000000E+00,   0.000000E+00
       410, 3/21/2013, 2:40:17,   3.942804E+01,   3.645899E+01,   3.645000E+01,   1.000000E+00,   0.000000E+00,   0.000000E+00
       411, 3/21/2013, 2:40:17,   3.924134E+01,   3.647256E+01,   3.645000E+01,   1.000000E+00,   0.000000E+00,   0.000000E+00
       412, 3/21/2013, 2:40:18,   3.944502E+01,   3.646804E+01,   3.645000E+01,   1.000000E+00,   0.000000E+00,   0.000000E+00
       413, 3/21/2013, 2:40:18,   3.924722E+01,   3.645447E+01,   3.645000E+01,   1.000000E+00,   0.000000E+00,   0.000000E+00
       414, 3/21/2013, 2:40:18,   3.960325E+01,   3.646804E+01,   3.645000E+01,   1.000000E+00,   0.000000E+00,   0.000000E+00
       415, 3/21/2013, 2:40:18,   3.943954E+01,   3.646351E+01,   3.645000E+01,   1.000000E+00,   0.000000E+00,   0.000000E+00
       416, 3/21/2013, 2:40:19,   3.940760E+01,   3.645899E+01,   3.645000E+01,   1.000000E+00,   0.000000E+00,   0.000000E+00
       417, 3/21/2013, 2:40:19,   3.970525E+01,   3.646804E+01,   3.645000E+01,   1.000000E+00,   0.000000E+00,   0.000000E+00
       418, 3/21/2013, 2:40:19,   3.962125E+01,   3.645899E+01,   3.645000E+01,   1.000000E+00,   0.000000E+00,   0.000000E+00
       419, 3/21/2013, 2:40:19,   3.952193E+01,   3.645447E+01,   3.645000E+01,   1.000000E+00,   0.000000E+00,   0.000000E+00
       420, 3/21/2013, 2:40:20,   3.962600E+01,   3.645447E+01,   3.645000E+01,   1.000000E+00,   0.000000E+00,   0.000000E+00
       421, 3/21/2013, 2:40:20,   3.937643E+01,   3.645899E+01,   3.645000E+01,   1.000000E+00,   0.000000E+00,   0.000000E+00
       422, 3/21/2013, 2:40:20,   3.964872E+01,   3.645899E+01,   3.645000E+01,   1.000000E+00,   0.000000E+00,   0.000000E+00
       423, 3/21/2013, 2:40:20,   3.939729E+01,   3.645447E+01,   3.645000E+01,   1.000000E+00,   0.000000E+00,   0.000000E+00
       424, 3/21/2013, 2:40:21,   3.988334E+01,   3.644543E+01,   3.645000E+01,   1.000000E+00,   0.000000E+00,   0.000000E+00
       425, 3/21/2013, 2:40:21,   3.938517E+01,   3.645447E+01,   3.645000E+01,   1.000000E+00,   0.000000E+00,   0.000000E+00
       426, 3/21/2013, 2:40:21,   3.958725E+01,   3.644995E+01,   3.645000E+01,   1.000000E+00,   0.000000E+00,   0.000000E+00
       427, 3/21/2013, 2:40:21,   3.921627E+01,   3.645447E+01,   3.645000E+01,   1.000000E+00,   0.000000E+00,   0.000000E+00
       428, 3/21/2013, 2:40:22,   3.899776E+01,   3.645447E+01,   3.645000E+01,   1.000000E+00,   0.000000E+00,   0.000000E+00
       429, 3/21/2013, 2:40:22,   3.986620E+01,   3.644995E+01,   3.645000E+01,   1.000000E+00,   0.000000E+00,   0.000000E+00
       430, 3/21/2013, 2:40:22,   3.953097E+01,   3.645447E+01,   3.645000E+01,   1.000000E+00,   0.000000E+00,   0.000000E+00
       431, 3/21/2013, 2:40:22,   3.965728E+01,   3.645447E+01,   3.645000E+01,   1.000000E+00,   0.000000E+00,   0.000000E+00
       432, 3/21/2013, 2:40:23,   3.973500E+01,   3.644995E+01,   3.645000E+01,   1.000000E+00,   0.000000E+00,   0.000000E+00
       433, 3/21/2013, 2:40:23,   3.944840E+01,   3.644995E+01,   3.645000E+01,   1.000000E+00,   0.000000E+00,   0.000000E+00
       434, 3/21/2013, 2:40:23,   3.945570E+01,   3.646351E+01,   3.645000E+01,   1.000000E+00,   0.000000E+00,   0.000000E+00
       435, 3/21/2013, 2:40:24,   3.958744E+01,   3.645899E+01,   3.645000E+01,   1.000000E+00,   0.000000E+00,   0.000000E+00
       436, 3/21/2013, 2:40:24,   3.968590E+01,   3.645447E+01,   3.645000E+01,   1.000000E+00,   0.000000E+00,   0.000000E+00
       437, 3/21/2013, 2:40:24,   3.911847E+01,   3.645447E+01,   3.645000E+01,   1.000000E+00,   0.000000E+00,   0.000000E+00
       438, 3/21/2013, 2:40:24,   3.910028E+01,   3.645447E+01,   3.645000E+01,   1.000000E+00,   0.000000E+00,   0.000000E+00
       439, 3/21/2013, 2:40:25,   3.956018E+01,   3.645447E+01,   3.645000E+01,   1.000000E+00,   0.000000E+00,   0.000000E+00
       440, 3/21/2013, 2:40:25,   3.950092E+01,   3.645899E+01,   3.645000E+01,   1.000000E+00,   0.000000E+00,   0.000000E+00
       441, 3/21/2013, 2:40:25,   3.931141E+01,   3.644995E+01,   3.645000E+01,   1.000000E+00,   0.000000E+00,   0.000000E+00
       442, 3/21/2013, 2:40:25,   3.916049E+01,   3.646351E+01,   3.645000E+01,   1.000000E+00,   0.000000E+00,   0.000000E+00
       443, 3/21/2013, 2:40:26,   3.958064E+01,   3.645447E+01,   3.645000E+01,   1.000000E+00,   0.000000E+00,   0.000000E+00
       444, 3/21/2013, 2:40:26,   3.935157E+01,   3.645447E+01,   3.645000E+01,   1.000000E+00,   0.000000E+00,   0.000000E+00
       445, 3/21/2013, 2:40:26,   3.953426E+01,   3.645447E+01,   3.645000E+01,   1.000000E+00,   0.000000E+00,   0.000000E+00
       446, 3/21/2013, 2:40:26,   3.958283E+01,   3.644995E+01,   3.645000E+01,   1.000000E+00,   0.000000E+00,   0.000000E+00
       447, 3/21/2013, 2:40:27,   3.966610E+01,   3.645447E+01,   3.645000E+01,   1.000000E+00,   0.000000E+00,   0.000000E+00
       448, 3/21/2013, 2:40:27,   3.940538E+01,   3.645899E+01,   3.645000E+01,   1.000000E+00,   0.000000E+00,   0.000000E+00
       449, 3/21/2013, 2:40:27,   3.957556E+01,   3.644995E+01,   3.645000E+01,   1.000000E+00,   0.000000E+00,   0.000000E+00
       450, 3/21/2013, 2:40:27,   3.982911E+01,   3.644995E+01,   3.645000E+01,   1.000000E+00,   0.000000E+00,   0.000000E+00
       451, 3/21/2013, 2:40:28,   3.967030E+01,   3.644091E+01,   3.645000E+01,   1.000000E+00,   0.000000E+00,   0.000000E+00
       452, 3/21/2013, 2:40:28,   4.037472E+01,   3.644995E+01,   3.645000E+01,   1.000000E+00,   0.000000E+00,   0.000000E+00
       453, 3/21/2013, 2:40:28,   3.932103E+01,   3.644091E+01,   3.645000E+01,   1.000000E+00,   0.000000E+00,   0.000000E+00
       454, 3/21/2013, 2:40:28,   4.002182E+01,   3.644543E+01,   3.645000E+01,   1.000000E+00,   0.000000E+00,   0.000000E+00
       455, 3/21/2013, 2:40:29,   3.917633E+01,   3.644091E+01,   3.645000E+01,   1.000000E+00,   0.000000E+00,   0.000000E+00
       456, 3/21/2013, 2:40:29,   3.994590E+01,   3.645899E+01,   3.645000E+01,   1.000000E+00,   0.000000E+00,   0.000000E+00
       457, 3/21/2013, 2:40:29,   3.926411E+01,   3.644995E+01,   3.645000E+01,   1.000000E+00,   0.000000E+00,   0.000000E+00
       458, 3/21/2013, 2:40:29,   3.919373E+01,   3.645447E+01,   3.645000E+01,   1.000000E+00,   0.000000E+00,   0.000000E+00
       459, 3/21/2013, 2:40:30,   3.946072E+01,   3.644543E+01,   3.645000E+01,   1.000000E+00,   0.000000E+00,   0.000000E+00
       460, 3/21/2013, 2:40:30,   3.992775E+01,   3.644543E+01,   3.645000E+01,   1.000000E+00,   0.000000E+00,   0.000000E+00
       461, 3/21/2013, 2:40:30,   4.029592E+01,   3.644091E+01,   3.645000E+01,   1.000000E+00,   0.000000E+00,   0.000000E+00
       462, 3/21/2013, 2:40:30,   3.964840E+01,   3.644995E+01,   3.645000E+01,   1.000000E+00,   0.000000E+00,   0.000000E+00
       463, 3/21/2013, 2:40:31,   3.928397E+01,   3.644995E+01,   3.645000E+01,   1.000000E+00,   0.000000E+00,   0.000000E+00
       464, 3/21/2013, 2:40:31,   3.938490E+01,   3.644995E+01,   3.645000E+01,   1.000000E+00,   0.000000E+00,   0.000000E+00
       465, 3/21/2013, 2:40:31,   4.003474E+01,   3.644543E+01,   3.645000E+01,   1.000000E+00,   0.000000E+00,   0.000000E+00
       466, 3/21/2013, 2:40:31,   3.935456E+01,   3.644543E+01,   3.645000E+01,   1.000000E+00,   0.000000E+00,   0.000000E+00
       467, 3/21/2013, 2:40:32,   3.911984E+01,   3.644995E+01,   3.645000E+01,   1.000000E+00,   0.000000E+00,   0.000000E+00
       468, 3/21/2013, 2:40:32,   3.909510E+01,   3.645447E+01,   3.645000E+01,   1.000000E+00,   0.000000E+00,   0.000000E+00
       469, 3/21/2013, 2:40:32,   3.942286E+01,   3.644995E+01,   3.645000E+01,   1.000000E+00,   0.000000E+00,   0.000000E+00
       470, 3/21/2013, 2:40:33,   3.968470E+01,   3.644995E+01,   3.645000E+01,   1.000000E+00,   0.000000E+00,   0.000000E+00
       471, 3/21/2013, 2:40:33,   3.944196E+01,   3.645447E+01,   3.645000E+01,   1.000000E+00,   0.000000E+00,   0.000000E+00
       472, 3/21/2013, 2:40:33,   3.946001E+01,   3.644543E+01,   3.645000E+01,   1.000000E+00,   0.000000E+00,   0.000000E+00
       473, 3/21/2013, 2:40:33,   3.956907E+01,   3.644091E+01,   3.645000E+01,   1.000000E+00,   0.000000E+00,   0.000000E+00
       474, 3/21/2013, 2:40:34,   4.001147E+01,   3.644995E+01,   3.645000E+01,   1.000000E+00,   0.000000E+00,   0.000000E+00
       475, 3/21/2013, 2:40:34,   3.949094E+01,   3.644995E+01,   3.645000E+01,   1.000000E+00,   0.000000E+00,   0.000000E+00
       476, 3/21/2013, 2:40:34,   3.903642E+01,   3.645447E+01,   3.645000E+01,   1.000000E+00,   0.000000E+00,   0.000000E+00
       477, 3/21/2013, 2:40:34,   3.940424E+01,   3.644543E+01,   3.645000E+01,   1.000000E+00,   0.000000E+00,   0.000000E+00
       478, 3/21/2013, 2:40:35,   3.943004E+01,   3.644543E+01,   3.645000E+01,   1.000000E+00,   0.000000E+00,   0.000000E+00
       479, 3/21/2013, 2:40:35,   3.975846E+01,   3.644995E+01,   3.645000E+01,   1.000000E+00,   0.000000E+00,   0.000000E+00
       480, 3/21/2013, 2:40:35,   3.916666E+01,   3.644995E+01,   3.645000E+01,   1.000000E+00,   0.000000E+00,   0.000000E+00
       481, 3/21/2013, 2:40:35,   3.970599E+01,   3.644995E+01,   3.645000E+01,   1.000000E+00,   0.000000E+00,   0.000000E+00
       482, 3/21/2013, 2:40:36,   3.913868E+01,   3.644995E+01,   3.645000E+01,   1.000000E+00,   0.000000E+00,   0.000000E+00
       483, 3/21/2013, 2:40:36,   3.938293E+01,   3.644995E+01,   3.645000E+01,   1.000000E+00,   0.000000E+00,   0.000000E+00
       484, 3/21/2013, 2:40:36,   3.957548E+01,   3.644995E+01,   3.645000E+01,   1.000000E+00,   0.000000E+00,   0.000000E+00
       485, 3/21/2013, 2:40:36,   3.968830E+01,   3.644995E+01,   3.645000E+01,   1.000000E+00,   0.000000E+00,   0.000000E+00
       486, 3/21/2013, 2:40:37,   3.960161E+01,   3.645447E+01,   3.645000E+01,   1.000000E+00,   0.000000E+00,   0.000000E+00
       487, 3/21/2013, 2:40:37,   3.939839E+01,   3.645447E+01,   3.645000E+01,   1.000000E+00,   0.000000E+00,   0.000000E+00
       488, 3/21/2013, 2:40:37,   3.977325E+01,   3.644543E+01,   3.645000E+01,   1.000000E+00,   0.000000E+00,   0.000000E+00
       489, 3/21/2013, 2:40:37,   3.981574E+01,   3.644091E+01,   3.645000E+01,   1.000000E+00,   0.000000E+00,   0.000000E+00
       490, 3/21/2013, 2:40:38,   3.953416E+01,   3.644995E+01,   3.645000E+01,   1.000000E+00,   0.000000E+00,   0.000000E+00
       491, 3/21/2013, 2:40:38,   3.969000E+01,   3.644091E+01,   3.645000E+01,   1.000000E+00,   0.000000E+00,   0.000000E+00
       492, 3/21/2013, 2:40:38,   3.975047E+01,   3.643187E+01,   3.645000E+01,   1.000000E+00,   0.000000E+00,   0.000000E+00
       493, 3/21/2013, 2:40:38,   3.998585E+01,   3.644091E+01,   3.645000E+01,   1.000000E+00,   0.000000E+00,   0.000000E+00
       494, 3/21/2013, 2:40:39,   3.981788E+01,   3.643639E+01,   3.645000E+01,   1.000000E+00,   0.000000E+00,   0.000000E+00
       495, 3/21/2013, 2:40:39,   3.971622E+01,   3.644091E+01,   3.645000E+01,   1.000000E+00,   0.000000E+00,   0.000000E+00
       496, 3/21/2013, 2:40:39,   3.887875E+01,   3.643639E+01,   3.645000E+01,   1.000000E+00,   0.000000E+00,   0.000000E+00
       497, 3/21/2013, 2:40:40,   3.979951E+01,   3.643187E+01,   3.645000E+01,   1.000000E+00,   0.000000E+00,   0.000000E+00
       498, 3/21/2013, 2:40:40,   4.033166E+01,   3.644091E+01,   3.645000E+01,   1.000000E+00,   0.000000E+00,   0.000000E+00
       499, 3/21/2013, 2:40:40,   3.986852E+01,   3.642734E+01,   3.645000E+01,   1.000000E+00,   0.000000E+00,   0.000000E+00
       500, 3/21/2013, 2:40:40,   3.976243E+01,   3.643187E+01,   3.645000E+01,   1.000000E+00,   0.000000E+00,   0.000000E+00
       501, 3/21/2013, 2:40:41,   4.018027E+01,   3.644091E+01,   3.645000E+01,   1.000000E+00,   0.000000E+00,   0.000000E+00
       502, 3/21/2013, 2:40:41,   3.906102E+01,   3.644091E+01,   3.645000E+01,   1.000000E+00,   0.000000E+00,   0.000000E+00
       503, 3/21/2013, 2:40:41,   3.931826E+01,   3.642282E+01,   3.645000E+01,   1.000000E+00,   0.000000E+00,   0.000000E+00
       504, 3/21/2013, 2:40:41,   4.040148E+01,   3.643639E+01,   3.645000E+01,   1.000000E+00,   0.000000E+00,   0.000000E+00
       505, 3/21/2013, 2:40:42,   3.993837E+01,   3.643187E+01,   3.645000E+01,   1.000000E+00,   0.000000E+00,   0.000000E+00
       506, 3/21/2013, 2:40:42,   4.001265E+01,   3.643187E+01,   3.645000E+01,   1.000000E+00,   0.000000E+00,   0.000000E+00
       507, 3/21/2013, 2:40:42,   4.005318E+01,   3.644091E+01,   3.645000E+01,   1.000000E+00,   0.000000E+00,   0.000000E+00
       508, 3/21/2013, 2:40:42,   3.914119E+01,   3.643639E+01,   3.645000E+01,   1.000000E+00,   0.000000E+00,   0.000000E+00
       509, 3/21/2013, 2:40:43,   3.940201E+01,   3.644091E+01,   3.645000E+01,   1.000000E+00,   0.000000E+00,   0.000000E+00
       510, 3/21/2013, 2:40:43,   3.969184E+01,   3.644543E+01,   3.645000E+01,   1.000000E+00,   0.000000E+00,   0.000000E+00
       511, 3/21/2013, 2:40:43,   3.922717E+01,   3.643639E+01,   3.645000E+01,   1.000000E+00,   0.000000E+00,   0.000000E+00
       512, 3/21/2013, 2:40:43,   3.958935E+01,   3.643639E+01,   3.645000E+01,   1.000000E+00,   0.000000E+00,   0.000000E+00
       513, 3/21/2013, 2:40:44,   3.995366E+01,   3.643187E+01,   3.645000E+01,   1.000000E+00,   0.000000E+00,   0.000000E+00
       514, 3/21/2013, 2:40:44,   3.961470E+01,   3.644543E+01,   3.645000E+01,   1.000000E+00,   0.000000E+00,   0.000000E+00
       515, 3/21/2013, 2:40:44,   3.886734E+01,   3.644543E+01,   3.645000E+01,   1.000000E+00,   0.000000E+00,   0.000000E+00
       516, 3/21/2013, 2:40:44,   3.983656E+01,   3.644091E+01,   3.645000E+01,   1.000000E+00,   0.000000E+00,   0.000000E+00
       517, 3/21/2013, 2:40:45,   3.944848E+01,   3.644995E+01,   3.645000E+01,   1.000000E+00,   0.000000E+00,   0.000000E+00
       518, 3/21/2013, 2:40:45,   3.920652E+01,   3.644995E+01,   3.645000E+01,   1.000000E+00,   0.000000E+00,   0.000000E+00
       519, 3/21/2013, 2:40:45,   3.936528E+01,   3.645447E+01,   3.645000E+01,   1.000000E+00,   0.000000E+00,   0.000000E+00
       520, 3/21/2013, 2:40:46,   3.944922E+01,   3.644543E+01,   3.645000E+01,   1.000000E+00,   0.000000E+00,   0.000000E+00
       521, 3/21/2013, 2:40:46,   3.949352E+01,   3.644995E+01,   3.645000E+01,   1.000000E+00,   0.000000E+00,   0.000000E+00
       522, 3/21/2013, 2:40:46,   3.943404E+01,   3.644995E+01,   3.645000E+01,   1.000000E+00,   0.000000E+00,   0.000000E+00
       523, 3/21/2013, 2:40:46,   3.949665E+01,   3.645447E+01,   3.645000E+01,   1.000000E+00,   0.000000E+00,   0.000000E+00
       524, 3/21/2013, 2:40:46,   3.921464E+01,   3.644995E+01,   3.645000E+01,   1.000000E+00,   0.000000E+00,   0.000000E+00
       525, 3/21/2013, 2:40:47,   3.967363E+01,   3.644995E+01,   3.645000E+01,   1.000000E+00,   0.000000E+00,   0.000000E+00
       526, 3/21/2013, 2:40:47,   3.943909E+01,   3.644091E+01,   3.645000E+01,   1.000000E+00,   0.000000E+00,   0.000000E+00
       527, 3/21/2013, 2:40:47,   4.027586E+01,   3.644995E+01,   3.645000E+01,   1.000000E+00,   0.000000E+00,   0.000000E+00
       528, 3/21/2013, 2:40:47,   3.935575E+01,   3.644091E+01,   3.645000E+01,   1.000000E+00,   0.000000E+00,   0.000000E+00
       529, 3/21/2013, 2:40:48,   3.976033E+01,   3.644543E+01,   3.645000E+01,   1.000000E+00,   0.000000E+00,   0.000000E+00
       530, 3/21/2013, 2:40:48,   4.032260E+01,   3.644995E+01,   3.645000E+01,   1.000000E+00,   0.000000E+00,   0.000000E+00
       531, 3/21/2013, 2:40:48,   3.940358E+01,   3.644995E+01,   3.645000E+01,   1.000000E+00,   0.000000E+00,   0.000000E+00
       532, 3/21/2013, 2:40:49,   4.006270E+01,   3.642734E+01,   3.645000E+01,   1.000000E+00,   0.000000E+00,   0.000000E+00
       533, 3/21/2013, 2:40:49,   3.989881E+01,   3.643187E+01,   3.645000E+01,   1.000000E+00,   0.000000E+00,   0.000000E+00
       534, 3/21/2013, 2:40:49,   4.060122E+01,   3.641830E+01,   3.645000E+01,   1.000000E+00,   0.000000E+00,   0.000000E+00
       535, 3/21/2013, 2:40:49,   4.024166E+01,   3.642734E+01,   3.645000E+01,   1.000000E+00,   0.000000E+00,   0.000000E+00
       536, 3/21/2013, 2:40:50,   3.942205E+01,   3.643187E+01,   3.645000E+01,   1.000000E+00,   0.000000E+00,   0.000000E+00
       537, 3/21/2013, 2:40:50,   3.981811E+01,   3.643187E+01,   3.645000E+01,   1.000000E+00,   0.000000E+00,   0.000000E+00
       538, 3/21/2013, 2:40:50,   3.964236E+01,   3.644091E+01,   3.645000E+01,   1.000000E+00,   0.000000E+00,   0.000000E+00
       539, 3/21/2013, 2:40:50,   3.954028E+01,   3.643639E+01,   3.645000E+01,   1.000000E+00,   0.000000E+00,   0.000000E+00
       540, 3/21/2013, 2:40:51,   3.971648E+01,   3.643639E+01,   3.645000E+01,   1.000000E+00,   0.000000E+00,   0.000000E+00
       541, 3/21/2013, 2:40:51,   3.908750E+01,   3.643187E+01,   3.645000E+01,   1.000000E+00,   0.000000E+00,   0.000000E+00
       542, 3/21/2013, 2:40:51,   4.028770E+01,   3.644543E+01,   3.645000E+01,   1.000000E+00,   0.000000E+00,   0.000000E+00
       543, 3/21/2013, 2:40:51,   3.941360E+01,   3.643187E+01,   3.645000E+01,   1.000000E+00,   0.000000E+00,   0.000000E+00
       544, 3/21/2013, 2:40:52,   3.941544E+01,   3.643187E+01,   3.645000E+01,   1.000000E+00,   0.000000E+00,   0.000000E+00
       545, 3/21/2013, 2:40:52,   3.969835E+01,   3.644543E+01,   3.645000E+01,   1.000000E+00,   0.000000E+00,   0.000000E+00
       546, 3/21/2013, 2:40:52,   4.005235E+01,   3.645447E+01,   3.645000E+01,   1.000000E+00,   0.000000E+00,   0.000000E+00
       547, 3/21/2013, 2:40:52,   3.927127E+01,   3.644995E+01,   3.645000E+01,   1.000000E+00,   0.000000E+00,   0.000000E+00
       548, 3/21/2013, 2:40:53,   4.007567E+01,   3.643639E+01,   3.645000E+01,   1.000000E+00,   0.000000E+00,   0.000000E+00
       549, 3/21/2013, 2:40:53,   3.975772E+01,   3.645447E+01,   3.645000E+01,   1.000000E+00,   0.000000E+00,   0.000000E+00
       550, 3/21/2013, 2:40:53,   4.042036E+01,   3.644543E+01,   3.645000E+01,   1.000000E+00,   0.000000E+00,   0.000000E+00
       551, 3/21/2013, 2:40:54,   3.918751E+01,   3.644543E+01,   3.645000E+01,   1.000000E+00,   0.000000E+00,   0.000000E+00
       552, 3/21/2013, 2:40:54,   3.953695E+01,   3.644091E+01,   3.645000E+01,   1.000000E+00,   0.000000E+00,   0.000000E+00
       553, 3/21/2013, 2:40:54,   3.975935E+01,   3.644091E+01,   3.645000E+01,   1.000000E+00,   0.000000E+00,   0.000000E+00
       554, 3/21/2013, 2:40:54,   3.973085E+01,   3.644995E+01,   3.645000E+01,   1.000000E+00,   0.000000E+00,   0.000000E+00
       555, 3/21/2013, 2:40:55,   3.940087E+01,   3.644995E+01,   3.645000E+01,   1.000000E+00,   0.000000E+00,   0.000000E+00
       556, 3/21/2013, 2:40:55,   3.974115E+01,   3.645447E+01,   3.645000E+01,   1.000000E+00,   0.000000E+00,   0.000000E+00
       557, 3/21/2013, 2:40:55,   3.955404E+01,   3.644995E+01,   3.645000E+01,   1.000000E+00,   0.000000E+00,   0.000000E+00
       558, 3/21/2013, 2:40:55,   4.007494E+01,   3.644543E+01,   3.645000E+01,   1.000000E+00,   0.000000E+00,   0.000000E+00
       559, 3/21/2013, 2:40:56,   3.959600E+01,   3.644995E+01,   3.645000E+01,   1.000000E+00,   0.000000E+00,   0.000000E+00
       560, 3/21/2013, 2:40:56,   3.916354E+01,   3.644995E+01,   3.645000E+01,   1.000000E+00,   0.000000E+00,   0.000000E+00
       561, 3/21/2013, 2:40:56,   4.005342E+01,   3.644995E+01,   3.645000E+01,   1.000000E+00,   0.000000E+00,   0.000000E+00
       562, 3/21/2013, 2:40:56,   4.011887E+01,   3.644543E+01,   3.645000E+01,   1.000000E+00,   0.000000E+00,   0.000000E+00
       563, 3/21/2013, 2:40:57,   3.963240E+01,   3.644091E+01,   3.645000E+01,   1.000000E+00,   0.000000E+00,   0.000000E+00
       564, 3/21/2013, 2:40:57,   3.998399E+01,   3.644543E+01,   3.645000E+01,   1.000000E+00,   0.000000E+00,   0.000000E+00
       565, 3/21/2013, 2:40:57,   3.971992E+01,   3.643187E+01,   3.645000E+01,   1.000000E+00,   0.000000E+00,   0.000000E+00
       566, 3/21/2013, 2:40:57,   3.992173E+01,   3.643187E+01,   3.645000E+01,   1.000000E+00,   0.000000E+00,   0.000000E+00
       567, 3/21/2013, 2:40:58,   3.985852E+01,   3.643639E+01,   3.645000E+01,   1.000000E+00,   0.000000E+00,   0.000000E+00
       568, 3/21/2013, 2:40:58,   3.951072E+01,   3.643187E+01,   3.645000E+01,   1.000000E+00,   0.000000E+00,   0.000000E+00
       569, 3/21/2013, 2:40:58,   3.977877E+01,   3.643187E+01,   3.645000E+01,   1.000000E+00,   0.000000E+00,   0.000000E+00
       570, 3/21/2013, 2:40:58,   4.024666E+01,   3.642282E+01,   3.645000E+01,   1.000000E+00,   0.000000E+00,   0.000000E+00
